po_id,supplier_id,product_id,order_date,promised_delivery_date,actual_delivery_date,quantity_ordered,unit_cost,status
PO00001,SUP020,PROD0048,2023-12-27,2024-01-08,2024-01-09,160,196,delivered
PO00002,SUP009,PROD0019,2023-12-17,2023-12-30,,28,464,cancelled
PO00003,SUP020,PROD0019,2024-01-21,2024-02-02,2024-02-02,163,382,delivered
PO00004,SUP020,PROD0059,2023-11-24,2023-12-06,2023-12-08,170,153,delivered
PO00005,SUP007,PROD0014,2024-02-01,2024-02-21,,152,172,cancelled
PO00006,SUP011,PROD0011,2024-02-25,2024-03-02,2024-03-02,95,18,delivered
PO00007,SUP006,PROD0007,2024-03-24,2024-04-26,2024-04-26,160,177,delivered
PO00008,SUP002,PROD0005,2023-10-31,2023-12-07,,184,431,cancelled
PO00009,SUP016,PROD0045,2023-12-06,2024-01-04,,105,154,in_transit
PO00010,SUP025,PROD0045,2024-02-11,2024-03-12,2024-03-12,55,79,delivered
PO00011,SUP012,PROD0054,2024-03-17,2024-04-19,,390,211,in_transit
PO00012,SUP007,PROD0003,2024-03-23,2024-04-12,2024-04-16,160,251,delivered
PO00013,SUP008,PROD0041,2024-03-17,2024-04-15,,20,396,delayed
PO00014,SUP025,PROD0060,2024-01-23,2024-02-22,2024-02-22,172,321,delivered
PO00015,SUP012,PROD0045,2024-03-10,2024-04-12,2024-04-13,192,326,delivered
PO00016,SUP011,PROD0060,2024-03-14,2024-03-20,2024-03-20,166,29,delivered
PO00017,SUP017,PROD0014,2024-02-22,2024-03-18,2024-03-18,178,10,delivered
PO00018,SUP016,PROD0023,2023-10-14,2023-11-12,2023-11-12,93,233,delivered
PO00019,SUP024,PROD0028,2024-01-27,2024-02-03,2024-02-03,27,131,delivered
PO00020,SUP018,PROD0028,2024-01-11,2024-01-30,,60,237,cancelled
PO00021,SUP022,PROD0017,2024-03-11,2024-03-17,,176,406,in_transit
PO00022,SUP006,PROD0018,2024-01-25,2024-02-27,2024-02-27,66,418,delivered
PO00023,SUP018,PROD0059,2024-01-19,2024-02-07,2024-02-07,24,128,delivered
PO00024,SUP018,PROD0032,2024-03-27,2024-04-15,2024-04-15,30,350,delivered
PO00025,SUP017,PROD0013,2024-03-11,2024-04-05,2024-04-05,117,114,delivered
PO00026,SUP016,PROD0055,2023-10-08,2023-11-06,,114,142,cancelled
PO00027,SUP021,PROD0023,2023-11-24,2023-12-24,2023-12-24,184,211,delivered
PO00028,SUP014,PROD0009,2024-01-20,2024-02-11,2024-02-11,20,60,delivered
PO00029,SUP001,PROD0049,2023-11-03,2023-12-22,2024-01-04,53,357,delivered
PO00030,SUP002,PROD0054,2024-01-28,2024-03-05,2024-03-12,22,388,delivered
PO00031,SUP022,PROD0044,2024-02-12,2024-02-18,2024-02-19,76,410,delivered
PO00032,SUP005,PROD0021,2024-02-21,2024-04-07,2024-04-19,85,84,delivered
PO00033,SUP002,PROD0038,2023-11-21,2023-12-28,2024-01-14,117,347,delivered
PO00034,SUP019,PROD0034,2023-11-23,2023-12-21,2023-12-21,185,490,delivered
PO00035,SUP023,PROD0042,2023-11-22,2023-11-29,2023-11-29,100,142,delivered
PO00036,SUP017,PROD0010,2023-10-19,2023-11-13,2023-11-13,103,481,delivered
PO00037,SUP002,PROD0013,2024-02-05,2024-03-13,2024-03-28,62,249,delivered
PO00038,SUP023,PROD0055,2023-12-21,2023-12-28,2023-12-28,114,468,delivered
PO00039,SUP008,PROD0004,2023-10-27,2023-11-25,,115,204,delayed
PO00040,SUP018,PROD0058,2023-11-22,2023-12-11,2023-12-11,166,286,delivered
PO00041,SUP022,PROD0021,2023-12-11,2023-12-17,2023-12-17,20,142,delivered
PO00042,SUP002,PROD0049,2023-12-19,2024-01-25,2024-02-09,64,420,delivered
PO00043,SUP015,PROD0057,2023-11-27,2023-12-15,,113,116,in_transit
PO00044,SUP017,PROD0026,2023-11-07,2023-12-02,2023-12-02,20,17,delivered
PO00045,SUP015,PROD0047,2024-02-06,2024-02-24,2024-02-24,75,223,delivered
PO00046,SUP014,PROD0024,2024-02-09,2024-03-02,2024-03-02,128,163,delivered
PO00047,SUP007,PROD0003,2024-01-21,2024-02-10,,170,247,delayed
PO00048,SUP013,PROD0018,2023-11-09,2023-11-15,2023-11-15,134,24,delivered
PO00049,SUP010,PROD0039,2023-10-19,2023-11-06,2023-11-06,105,483,delivered
PO00050,SUP013,PROD0020,2023-10-27,2023-11-02,2023-11-02,87,403,delivered
PO00051,SUP015,PROD0036,2024-01-21,2024-02-08,2024-02-08,53,120,delivered
PO00052,SUP019,PROD0042,2024-03-19,2024-04-16,,120,15,in_transit
PO00053,SUP002,PROD0059,2023-11-30,2024-01-06,,128,463,in_transit
PO00054,SUP001,PROD0053,2024-02-29,2024-04-18,2024-04-28,40,207,delivered
PO00055,SUP011,PROD0030,2024-01-05,2024-01-11,2024-01-12,171,320,delivered
PO00056,SUP008,PROD0037,2023-11-07,2023-12-06,,171,232,cancelled
PO00057,SUP020,PROD0028,2023-12-16,2023-12-28,2023-12-28,23,344,delivered
PO00058,SUP024,PROD0038,2024-03-29,2024-04-05,2024-04-05,81,450,delivered
PO00059,SUP019,PROD0045,2023-11-15,2023-12-13,,152,335,cancelled
PO00060,SUP004,PROD0019,2023-10-22,2023-11-27,2023-12-13,132,149,delivered
PO00061,SUP014,PROD0038,2023-11-08,2023-11-30,,145,148,in_transit
PO00062,SUP013,PROD0043,2023-10-05,2023-10-11,2023-10-11,180,399,delivered
PO00063,SUP023,PROD0010,2024-03-22,2024-03-29,2024-03-30,149,22,delivered
PO00064,SUP005,PROD0009,2023-10-19,2023-12-04,2023-12-16,28,468,delivered
PO00065,SUP023,PROD0035,2024-01-04,2024-01-11,,114,314,in_transit
PO00066,SUP012,PROD0050,2023-12-19,2024-01-21,,136,385,cancelled
PO00067,SUP002,PROD0012,2023-11-06,2023-12-13,,20,305,in_transit
PO00068,SUP008,PROD0011,2024-01-15,2024-02-13,2024-02-14,33,325,delivered
PO00069,SUP019,PROD0059,2023-12-19,2024-01-16,2024-01-16,173,71,delivered
PO00070,SUP025,PROD0018,2023-11-11,2023-12-11,2023-12-11,91,304,delivered
PO00071,SUP006,PROD0033,2023-10-25,2023-11-27,,82,152,delayed
PO00072,SUP017,PROD0033,2023-11-24,2023-12-19,2023-12-19,123,113,delivered
PO00073,SUP006,PROD0003,2024-02-14,2024-03-18,,198,465,delayed
PO00074,SUP020,PROD0015,2024-01-21,2024-02-02,2024-02-02,176,298,delivered
PO00075,SUP004,PROD0029,2023-11-09,2023-12-15,,116,494,in_transit
PO00076,SUP001,PROD0004,2023-12-27,2024-02-14,2024-03-01,85,19,delivered
PO00077,SUP001,PROD0054,2023-11-09,2023-12-28,2024-01-16,160,168,delivered
PO00078,SUP024,PROD0052,2023-10-17,2023-10-24,2023-10-24,176,145,delivered
PO00079,SUP012,PROD0045,2024-02-09,2024-03-13,2024-03-13,174,104,delivered
PO00080,SUP011,PROD0027,2023-12-10,2023-12-16,,167,20,cancelled
PO00081,SUP008,PROD0038,2024-02-13,2024-03-13,2024-03-13,42,312,delivered
PO00082,SUP013,PROD0040,2024-01-21,2024-01-27,2024-01-27,123,325,delivered
PO00083,SUP016,PROD0004,2024-02-12,2024-03-12,2024-03-12,139,302,delivered
PO00084,SUP009,PROD0054,2023-11-22,2023-12-05,,48,471,in_transit
PO00085,SUP022,PROD0011,2024-03-01,2024-03-07,2024-03-07,20,311,delivered
PO00086,SUP004,PROD0054,2023-11-28,2024-01-03,2024-01-12,20,328,delivered
PO00087,SUP008,PROD0015,2024-02-28,2024-03-28,,194,466,delayed
PO00088,SUP010,PROD0052,2023-11-28,2023-12-16,2023-12-16,136,163,delivered
PO00089,SUP025,PROD0026,2023-12-16,2024-01-15,2024-01-15,57,395,delivered
PO00090,SUP017,PROD0043,2024-01-18,2024-02-12,2024-02-12,198,191,delivered
PO00091,SUP006,PROD0053,2023-12-29,2024-01-31,,180,186,cancelled
PO00092,SUP011,PROD0022,2024-03-04,2024-03-10,2024-03-10,175,379,delivered
PO00093,SUP020,PROD0041,2024-03-27,2024-04-08,,167,127,in_transit
PO00094,SUP008,PROD0049,2023-12-12,2024-01-10,2024-01-10,20,233,delivered
PO00095,SUP024,PROD0019,2023-12-03,2023-12-10,2023-12-12,51,167,delivered
PO00096,SUP016,PROD0040,2023-10-21,2023-11-19,2023-11-19,37,266,delivered
PO00097,SUP002,PROD0054,2024-01-23,2024-02-29,2024-03-10,133,231,delivered
PO00098,SUP001,PROD0008,2024-03-07,2024-04-25,,74,368,in_transit
PO00099,SUP010,PROD0010,2024-01-20,2024-02-07,2024-02-07,181,389,delivered
PO00100,SUP018,PROD0007,2024-01-03,2024-01-22,2024-01-22,27,330,delivered
PO00101,SUP023,PROD0059,2023-12-13,2023-12-20,2023-12-20,73,258,delivered
PO00102,SUP001,PROD0028,2023-10-10,2023-11-28,2023-12-12,181,300,delivered
PO00103,SUP014,PROD0043,2024-02-23,2024-03-16,2024-03-16,184,191,delivered
PO00104,SUP016,PROD0018,2023-10-09,2023-11-07,2023-11-07,93,272,delivered
PO00105,SUP016,PROD0019,2023-11-07,2023-12-06,2023-12-06,48,197,delivered
PO00106,SUP005,PROD0020,2023-10-13,2023-11-28,2023-12-16,149,204,delivered
PO00107,SUP020,PROD0005,2023-11-08,2023-11-20,2023-11-20,185,265,delivered
PO00108,SUP012,PROD0035,2023-12-27,2024-01-29,2024-01-29,127,289,delivered
PO00109,SUP014,PROD0023,2024-02-07,2024-02-29,2024-02-29,133,124,delivered
PO00110,SUP002,PROD0045,2023-10-27,2023-12-03,2023-12-20,122,210,delivered
PO00111,SUP014,PROD0004,2024-03-04,2024-03-26,2024-03-26,48,118,delivered
PO00112,SUP006,PROD0018,2024-02-07,2024-03-11,,104,51,delayed
PO00113,SUP006,PROD0034,2023-10-19,2023-11-21,2023-11-21,184,162,delivered
PO00114,SUP021,PROD0042,2023-12-27,2024-01-26,2024-01-26,46,322,delivered
PO00115,SUP002,PROD0012,2023-11-24,2023-12-31,,157,182,in_transit
PO00116,SUP021,PROD0028,2024-02-01,2024-03-02,2024-03-02,65,73,delivered
PO00117,SUP001,PROD0051,2023-11-07,2023-12-26,2024-01-12,134,291,delivered
PO00118,SUP008,PROD0011,2024-03-14,2024-04-12,2024-04-12,132,196,delivered
PO00119,SUP002,PROD0055,2024-01-21,2024-02-27,2024-03-12,171,255,delivered
PO00120,SUP001,PROD0058,2023-11-07,2023-12-26,2024-01-12,167,476,delivered
PO00121,SUP017,PROD0059,2024-01-19,2024-02-13,2024-02-14,173,459,delivered
PO00122,SUP001,PROD0025,2023-12-02,2024-01-20,2024-02-02,190,113,delivered
PO00123,SUP003,PROD0003,2024-01-18,2024-02-25,2024-03-04,191,444,delivered
PO00124,SUP012,PROD0019,2024-01-11,2024-02-13,,63,452,in_transit
PO00125,SUP017,PROD0010,2023-11-28,2023-12-23,2023-12-23,74,312,delivered
PO00126,SUP019,PROD0008,2024-02-28,2024-03-27,2024-03-27,100,224,delivered
PO00127,SUP008,PROD0025,2023-12-30,2024-01-28,,31,152,delayed
PO00128,SUP009,PROD0045,2023-10-28,2023-11-10,2023-11-10,66,297,delivered
PO00129,SUP023,PROD0026,2023-12-27,2024-01-03,2024-01-03,154,279,delivered
PO00130,SUP019,PROD0048,2023-12-13,2024-01-10,2024-01-10,78,224,delivered
PO00131,SUP020,PROD0039,2024-02-25,2024-03-08,2024-03-08,122,282,delivered
PO00132,SUP012,PROD0060,2023-11-16,2023-12-19,2023-12-19,117,140,delivered
PO00133,SUP023,PROD0023,2024-01-18,2024-01-25,2024-01-25,58,24,delivered
PO00134,SUP022,PROD0025,2024-02-20,2024-02-26,2024-02-26,180,25,delivered
PO00135,SUP002,PROD0055,2024-03-20,2024-04-26,2024-05-15,333,423,delivered
PO00136,SUP013,PROD0018,2024-03-10,2024-03-16,2024-03-17,115,236,delivered
PO00137,SUP017,PROD0029,2023-12-03,2023-12-28,2023-12-28,35,449,delivered
PO00138,SUP025,PROD0039,2023-12-25,2024-01-24,2024-01-24,152,74,delivered
PO00139,SUP014,PROD0056,2024-03-08,2024-03-30,2024-03-31,87,155,delivered
PO00140,SUP021,PROD0046,2023-12-14,2024-01-13,2024-01-13,162,314,delivered
PO00141,SUP005,PROD0037,2024-03-21,2024-05-06,,143,207,cancelled
PO00142,SUP014,PROD0024,2023-10-13,2023-11-04,,81,342,cancelled
PO00143,SUP007,PROD0052,2023-10-06,2023-10-26,,78,81,cancelled
PO00144,SUP022,PROD0053,2024-01-20,2024-01-26,2024-01-26,93,116,delivered
PO00145,SUP017,PROD0058,2023-10-05,2023-10-30,2023-10-30,139,271,delivered
PO00146,SUP023,PROD0049,2023-10-11,2023-10-18,,118,29,cancelled
PO00147,SUP010,PROD0035,2024-03-28,2024-04-15,,101,71,cancelled
PO00148,SUP003,PROD0032,2023-10-15,2023-11-22,2023-12-07,139,390,delivered
PO00149,SUP004,PROD0014,2024-01-11,2024-02-16,,117,276,in_transit
PO00150,SUP003,PROD0059,2023-10-31,2023-12-08,,156,204,cancelled
PO00151,SUP012,PROD0042,2023-10-11,2023-11-13,2023-11-15,59,34,delivered
PO00152,SUP015,PROD0038,2023-12-13,2023-12-31,2024-01-02,152,185,delivered
PO00153,SUP016,PROD0013,2023-10-30,2023-11-28,2023-11-28,100,123,delivered
PO00154,SUP019,PROD0058,2023-12-08,2024-01-05,2024-01-05,75,49,delivered
PO00155,SUP013,PROD0033,2023-10-08,2023-10-14,2023-10-14,166,345,delivered
PO00156,SUP016,PROD0041,2023-10-15,2023-11-13,2023-11-13,126,54,delivered
PO00157,SUP006,PROD0060,2023-10-09,2023-11-11,,152,244,cancelled
PO00158,SUP025,PROD0051,2023-11-02,2023-12-02,2023-12-02,42,435,delivered
PO00159,SUP007,PROD0031,2023-12-23,2024-01-12,,119,267,cancelled
PO00160,SUP012,PROD0039,2023-10-15,2023-11-17,,65,164,cancelled
PO00161,SUP017,PROD0040,2024-01-08,2024-02-02,2024-02-02,107,374,delivered
PO00162,SUP007,PROD0010,2023-12-04,2023-12-24,2023-12-24,175,69,delivered
PO00163,SUP022,PROD0004,2024-02-27,2024-03-04,2024-03-04,115,493,delivered
PO00164,SUP017,PROD0012,2024-02-29,2024-03-25,2024-03-27,164,403,delivered
PO00165,SUP018,PROD0050,2023-10-16,2023-11-04,2023-11-04,194,294,delivered
PO00166,SUP020,PROD0012,2023-10-09,2023-10-21,2023-10-21,48,404,delivered
PO00167,SUP019,PROD0011,2023-11-29,2023-12-27,2023-12-27,45,491,delivered
PO00168,SUP017,PROD0035,2024-02-20,2024-03-16,2024-03-16,58,280,delivered
PO00169,SUP020,PROD0032,2024-02-09,2024-02-21,2024-02-21,194,471,delivered
PO00170,SUP003,PROD0017,2024-02-05,2024-03-14,,111,486,cancelled
PO00171,SUP016,PROD0037,2023-12-25,2024-01-23,2024-01-23,25,156,delivered
PO00172,SUP001,PROD0058,2024-02-03,2024-03-23,,185,24,in_transit
PO00173,SUP003,PROD0049,2023-10-27,2023-12-04,2023-12-22,43,21,delivered
PO00174,SUP016,PROD0027,2023-12-13,2024-01-11,2024-01-13,79,439,delivered
PO00175,SUP015,PROD0027,2024-03-24,2024-04-11,2024-04-11,69,208,delivered
PO00176,SUP021,PROD0024,2023-12-01,2023-12-31,2023-12-31,141,396,delivered
PO00177,SUP014,PROD0007,2023-10-19,2023-11-10,2023-11-10,145,245,delivered
PO00178,SUP016,PROD0057,2023-12-04,2024-01-02,2024-01-02,136,395,delivered
PO00179,SUP013,PROD0017,2023-12-13,2023-12-19,2023-12-19,40,283,delivered
PO00180,SUP015,PROD0031,2024-03-16,2024-04-03,2024-04-03,51,20,delivered
PO00181,SUP006,PROD0041,2024-02-15,2024-03-19,,30,223,delayed
PO00182,SUP009,PROD0017,2023-12-17,2023-12-30,2023-12-30,140,55,delivered
PO00183,SUP022,PROD0028,2024-02-27,2024-03-04,2024-03-04,180,211,delivered
PO00184,SUP001,PROD0002,2023-11-04,2023-12-23,,177,426,in_transit
PO00185,SUP022,PROD0039,2024-03-16,2024-03-22,2024-03-22,122,99,delivered
PO00186,SUP002,PROD0042,2024-01-29,2024-03-06,,191,314,cancelled
PO00187,SUP003,PROD0059,2024-02-13,2024-03-22,,28,271,in_transit
PO00188,SUP009,PROD0050,2023-10-10,2023-10-23,2023-10-23,91,187,delivered
PO00189,SUP015,PROD0059,2024-02-06,2024-02-24,,26,468,in_transit
PO00190,SUP004,PROD0006,2023-11-29,2024-01-04,2024-01-19,41,419,delivered
PO00191,SUP010,PROD0014,2023-10-14,2023-11-01,2023-11-01,106,21,delivered
PO00192,SUP019,PROD0055,2024-01-10,2024-02-07,,192,401,in_transit
PO00193,SUP021,PROD0055,2023-11-03,2023-12-03,2023-12-03,70,309,delivered
PO00194,SUP022,PROD0037,2024-01-06,2024-01-12,2024-01-13,75,370,delivered
PO00195,SUP003,PROD0029,2024-01-07,2024-02-14,2024-02-25,154,341,delivered
PO00196,SUP024,PROD0020,2023-11-08,2023-11-15,2023-11-15,23,229,delivered
PO00197,SUP024,PROD0050,2024-03-27,2024-04-03,2024-04-05,198,105,delivered
PO00198,SUP004,PROD0002,2023-12-20,2024-01-25,2024-02-10,181,429,delivered
PO00199,SUP019,PROD0051,2024-02-04,2024-03-03,2024-03-03,31,140,delivered
PO00200,SUP015,PROD0033,2024-01-09,2024-01-27,2024-01-27,45,17,delivered
PO00201,SUP010,PROD0044,2023-10-16,2023-11-03,2023-11-03,97,11,delivered
PO00202,SUP013,PROD0041,2023-12-03,2023-12-09,2023-12-09,79,390,delivered
PO00203,SUP025,PROD0020,2024-02-09,2024-03-10,2024-03-10,89,154,delivered
PO00204,SUP002,PROD0035,2023-10-07,2023-11-13,2023-12-02,187,469,delivered
PO00205,SUP023,PROD0047,2023-11-02,2023-11-09,2023-11-09,158,19,delivered
PO00206,SUP010,PROD0029,2023-10-12,2023-10-30,2023-10-30,95,359,delivered
PO00207,SUP008,PROD0043,2023-10-03,2023-11-01,2023-11-01,76,73,delivered
PO00208,SUP011,PROD0037,2024-03-25,2024-03-31,2024-03-31,184,314,delivered
PO00209,SUP015,PROD0015,2024-02-13,2024-03-02,2024-03-02,127,260,delivered
PO00210,SUP002,PROD0009,2023-11-08,2023-12-15,2023-12-28,39,291,delivered
PO00211,SUP003,PROD0006,2023-11-30,2024-01-07,2024-01-25,88,170,delivered
PO00212,SUP010,PROD0020,2023-11-14,2023-12-02,2023-12-02,145,491,delivered
PO00213,SUP007,PROD0031,2024-03-21,2024-04-10,,197,416,delayed
PO00214,SUP020,PROD0023,2024-02-07,2024-02-19,2024-02-19,145,310,delivered
PO00215,SUP023,PROD0008,2023-12-26,2024-01-02,2024-01-02,148,273,delivered
PO00216,SUP015,PROD0022,2024-03-25,2024-04-12,2024-04-12,53,202,delivered
PO00217,SUP010,PROD0030,2024-01-24,2024-02-11,,164,35,in_transit
PO00218,SUP008,PROD0049,2023-12-17,2024-01-15,,91,354,delayed
PO00219,SUP001,PROD0001,2024-02-26,2024-04-15,,50,473,in_transit
PO00220,SUP016,PROD0005,2024-01-15,2024-02-13,2024-02-13,109,455,delivered
PO00221,SUP006,PROD0009,2024-03-11,2024-04-13,,188,98,cancelled
PO00222,SUP009,PROD0053,2023-12-18,2023-12-31,2023-12-31,178,498,delivered
PO00223,SUP006,PROD0046,2024-02-11,2024-03-15,,121,28,cancelled
PO00224,SUP018,PROD0013,2023-10-25,2023-11-13,2023-11-13,102,374,delivered
PO00225,SUP022,PROD0007,2023-12-30,2024-01-05,2024-01-05,162,74,delivered
PO00226,SUP021,PROD0019,2023-12-01,2023-12-31,2023-12-31,112,482,delivered
PO00227,SUP003,PROD0044,2024-01-12,2024-02-19,2024-03-06,30,364,delivered
PO00228,SUP002,PROD0046,2023-10-11,2023-11-17,,22,94,in_transit
PO00229,SUP016,PROD0002,2024-03-06,2024-04-04,2024-04-04,136,230,delivered
PO00230,SUP002,PROD0048,2023-11-08,2023-12-15,,63,237,in_transit
PO00231,SUP016,PROD0023,2023-12-11,2024-01-09,,65,373,cancelled
PO00232,SUP013,PROD0021,2024-03-01,2024-03-07,2024-03-07,126,345,delivered
PO00233,SUP025,PROD0036,2023-11-22,2023-12-22,,34,333,in_transit
PO00234,SUP022,PROD0019,2023-11-05,2023-11-11,2023-11-11,97,390,delivered
PO00235,SUP014,PROD0027,2024-03-07,2024-03-29,2024-03-31,175,300,delivered
PO00236,SUP018,PROD0002,2024-03-27,2024-04-15,2024-04-15,96,141,delivered
PO00237,SUP007,PROD0031,2024-01-18,2024-02-07,,93,48,delayed
PO00238,SUP007,PROD0056,2024-03-20,2024-04-09,,597,449,cancelled
PO00239,SUP004,PROD0054,2023-10-09,2023-11-14,2023-12-03,73,394,delivered
PO00240,SUP010,PROD0047,2024-02-02,2024-02-20,2024-02-20,160,384,delivered
PO00241,SUP009,PROD0026,2023-10-11,2023-10-24,2023-10-24,34,19,delivered
PO00242,SUP010,PROD0008,2024-03-02,2024-03-20,2024-03-20,68,163,delivered
PO00243,SUP024,PROD0019,2024-01-10,2024-01-17,2024-01-19,79,176,delivered
PO00244,SUP010,PROD0033,2023-12-10,2023-12-28,2023-12-28,194,58,delivered
PO00245,SUP023,PROD0021,2024-02-29,2024-03-07,2024-03-07,195,302,delivered
PO00246,SUP011,PROD0010,2023-12-19,2023-12-25,2023-12-25,96,450,delivered
PO00247,SUP003,PROD0007,2023-12-26,2024-02-02,2024-02-21,165,332,delivered
PO00248,SUP007,PROD0041,2023-10-26,2023-11-15,,65,28,delayed
PO00249,SUP006,PROD0042,2023-11-03,2023-12-06,2023-12-07,186,118,delivered
PO00250,SUP004,PROD0003,2023-12-14,2024-01-19,2024-02-03,155,362,delivered
PO00251,SUP007,PROD0004,2023-10-15,2023-11-04,2023-11-04,68,325,delivered
PO00252,SUP021,PROD0008,2023-11-21,2023-12-21,2023-12-21,86,309,delivered
PO00253,SUP006,PROD0002,2024-03-22,2024-04-24,,21,111,delayed
PO00254,SUP002,PROD0023,2023-11-01,2023-12-08,2023-12-24,135,273,delivered
PO00255,SUP004,PROD0005,2023-12-18,2024-01-23,2024-02-08,50,312,delivered
PO00256,SUP025,PROD0055,2024-02-23,2024-03-24,2024-03-24,31,154,delivered
PO00257,SUP003,PROD0016,2023-11-01,2023-12-09,,42,357,cancelled
PO00258,SUP022,PROD0005,2024-01-14,2024-01-20,2024-01-20,127,330,delivered
PO00259,SUP006,PROD0022,2023-11-03,2023-12-06,,180,281,delayed
PO00260,SUP020,PROD0034,2024-02-21,2024-03-04,2024-03-04,55,490,delivered
PO00261,SUP009,PROD0021,2023-10-04,2023-10-17,2023-10-17,94,332,delivered
PO00262,SUP004,PROD0018,2023-11-26,2024-01-01,,25,428,in_transit
PO00263,SUP015,PROD0022,2023-12-01,2023-12-19,2023-12-19,120,253,delivered
PO00264,SUP010,PROD0038,2023-12-23,2024-01-10,2024-01-10,192,300,delivered
PO00265,SUP014,PROD0006,2023-12-08,2023-12-30,2023-12-31,99,16,delivered
PO00266,SUP003,PROD0002,2024-01-01,2024-02-08,2024-02-18,149,428,delivered
PO00267,SUP018,PROD0010,2023-10-27,2023-11-15,,44,262,in_transit
PO00268,SUP004,PROD0031,2023-10-16,2023-11-21,,84,119,in_transit
PO00269,SUP014,PROD0052,2024-02-10,2024-03-03,2024-03-03,188,399,delivered
PO00270,SUP008,PROD0021,2023-10-27,2023-11-25,2023-11-25,98,77,delivered
PO00271,SUP013,PROD0031,2023-12-19,2023-12-25,2023-12-25,39,155,delivered
PO00272,SUP011,PROD0002,2023-12-01,2023-12-07,2023-12-07,170,476,delivered
PO00273,SUP002,PROD0010,2023-12-30,2024-02-05,,149,391,cancelled
PO00274,SUP024,PROD0015,2023-12-24,2023-12-31,2023-12-31,156,108,delivered
PO00275,SUP014,PROD0051,2023-10-09,2023-10-31,2023-10-31,99,409,delivered
PO00276,SUP007,PROD0040,2023-10-19,2023-11-08,2023-11-12,120,368,delivered
PO00277,SUP006,PROD0039,2024-03-28,2024-04-30,,82,494,cancelled
PO00278,SUP003,PROD0007,2024-03-05,2024-04-12,,111,479,in_transit
PO00279,SUP005,PROD0022,2024-02-12,2024-03-29,2024-04-10,149,71,delivered
PO00280,SUP006,PROD0015,2024-02-28,2024-04-01,2024-04-01,157,480,delivered
PO00281,SUP001,PROD0013,2023-12-23,2024-02-10,2024-02-19,192,169,delivered
PO00282,SUP017,PROD0060,2024-02-18,2024-03-14,2024-03-14,168,317,delivered
PO00283,SUP004,PROD0034,2023-11-23,2023-12-29,,131,261,in_transit
PO00284,SUP003,PROD0041,2024-03-30,2024-05-07,2024-05-23,176,431,delivered
PO00285,SUP013,PROD0049,2024-01-15,2024-01-21,2024-01-21,36,129,delivered
PO00286,SUP016,PROD0029,2024-01-07,2024-02-05,2024-02-05,29,251,delivered
PO00287,SUP021,PROD0028,2023-11-05,2023-12-05,2023-12-05,27,452,delivered
PO00288,SUP017,PROD0060,2023-12-28,2024-01-22,2024-01-22,107,182,delivered
PO00289,SUP001,PROD0023,2024-01-11,2024-02-29,2024-03-13,27,342,delivered
PO00290,SUP011,PROD0001,2024-01-19,2024-01-25,2024-01-27,198,417,delivered
PO00291,SUP021,PROD0040,2023-11-29,2023-12-29,,178,375,cancelled
PO00292,SUP020,PROD0015,2024-02-14,2024-02-26,2024-02-28,47,60,delivered
PO00293,SUP022,PROD0032,2023-10-10,2023-10-16,2023-10-18,83,147,delivered
PO00294,SUP017,PROD0031,2024-02-15,2024-03-11,,123,418,cancelled
PO00295,SUP015,PROD0050,2023-11-20,2023-12-08,2023-12-09,55,391,delivered
PO00296,SUP023,PROD0050,2023-10-12,2023-10-19,2023-10-19,168,173,delivered
PO00297,SUP022,PROD0013,2024-03-10,2024-03-16,2024-03-16,114,409,delivered
PO00298,SUP011,PROD0010,2023-10-17,2023-10-23,2023-10-25,36,433,delivered
PO00299,SUP014,PROD0060,2024-01-24,2024-02-15,,41,423,in_transit
PO00300,SUP012,PROD0032,2024-03-29,2024-05-01,2024-05-01,193,122,delivered
PO00301,SUP023,PROD0039,2023-10-14,2023-10-21,2023-10-21,194,27,delivered
PO00302,SUP008,PROD0046,2024-01-14,2024-02-12,,154,160,delayed
PO00303,SUP011,PROD0022,2024-02-29,2024-03-06,2024-03-06,108,31,delivered
PO00304,SUP002,PROD0029,2024-03-30,2024-05-06,2024-05-15,46,59,delivered
PO00305,SUP023,PROD0024,2023-11-15,2023-11-22,2023-11-22,41,180,delivered
PO00306,SUP003,PROD0054,2023-10-21,2023-11-28,2023-12-16,42,422,delivered
PO00307,SUP015,PROD0025,2024-02-07,2024-02-25,2024-02-26,130,145,delivered
PO00308,SUP012,PROD0005,2023-10-05,2023-11-07,2023-11-07,151,113,delivered
PO00309,SUP002,PROD0043,2023-10-12,2023-11-18,,168,393,in_transit
PO00310,SUP002,PROD0041,2024-01-22,2024-02-28,2024-03-11,32,402,delivered
PO00311,SUP010,PROD0026,2023-11-29,2023-12-17,2023-12-17,73,21,delivered
PO00312,SUP002,PROD0053,2024-01-31,2024-03-08,,39,84,in_transit
PO00313,SUP023,PROD0006,2023-11-27,2023-12-04,2023-12-04,120,195,delivered
PO00314,SUP020,PROD0010,2023-10-26,2023-11-07,2023-11-08,173,302,delivered
PO00315,SUP021,PROD0010,2023-11-09,2023-12-09,2023-12-09,193,269,delivered
PO00316,SUP017,PROD0055,2023-12-12,2024-01-06,2024-01-08,23,230,delivered
PO00317,SUP023,PROD0052,2024-02-11,2024-02-18,2024-02-18,139,263,delivered
PO00318,SUP019,PROD0031,2023-12-01,2023-12-29,2023-12-29,166,314,delivered
PO00319,SUP024,PROD0045,2023-12-17,2023-12-24,2023-12-24,49,323,delivered
PO00320,SUP019,PROD0048,2024-03-23,2024-04-20,2024-04-20,113,192,delivered
PO00321,SUP020,PROD0049,2023-11-18,2023-11-30,2023-11-30,76,127,delivered
PO00322,SUP004,PROD0020,2023-11-18,2023-12-24,,162,207,cancelled
PO00323,SUP011,PROD0039,2024-02-16,2024-02-22,2024-02-22,109,409,delivered
PO00324,SUP010,PROD0050,2023-10-05,2023-10-23,2023-10-23,126,122,delivered
PO00325,SUP006,PROD0017,2024-01-19,2024-02-21,2024-02-21,70,254,delivered
PO00326,SUP019,PROD0005,2024-01-03,2024-01-31,2024-01-31,83,430,delivered
PO00327,SUP005,PROD0036,2023-12-11,2024-01-26,2024-02-08,109,269,delivered
PO00328,SUP018,PROD0035,2024-02-08,2024-02-27,2024-02-29,43,322,delivered
PO00329,SUP012,PROD0060,2023-11-28,2023-12-31,2023-12-31,50,93,delivered
PO00330,SUP024,PROD0044,2024-01-16,2024-01-23,2024-01-23,177,351,delivered
PO00331,SUP014,PROD0056,2024-02-17,2024-03-10,2024-03-10,99,409,delivered
PO00332,SUP013,PROD0006,2023-11-15,2023-11-21,,92,310,in_transit
PO00333,SUP011,PROD0020,2023-12-23,2023-12-29,2023-12-29,126,450,delivered
PO00334,SUP007,PROD0006,2024-02-06,2024-02-26,,162,475,delayed
PO00335,SUP011,PROD0020,2024-02-22,2024-02-28,2024-02-28,195,208,delivered
PO00336,SUP024,PROD0014,2023-11-28,2023-12-05,,184,323,cancelled
PO00337,SUP005,PROD0003,2023-12-28,2024-02-12,2024-02-21,184,481,delivered
PO00338,SUP025,PROD0021,2024-02-07,2024-03-08,2024-03-08,159,454,delivered
PO00339,SUP004,PROD0042,2023-12-12,2024-01-17,2024-02-05,105,298,delivered
PO00340,SUP002,PROD0028,2023-11-14,2023-12-21,,188,432,in_transit
PO00341,SUP017,PROD0034,2024-01-08,2024-02-02,2024-02-02,84,339,delivered
PO00342,SUP016,PROD0057,2023-12-07,2024-01-05,,93,107,in_transit
PO00343,SUP019,PROD0039,2023-12-27,2024-01-24,2024-01-24,95,353,delivered
PO00344,SUP010,PROD0035,2023-12-04,2023-12-22,2023-12-22,68,457,delivered
PO00345,SUP004,PROD0046,2024-01-26,2024-03-02,2024-03-14,162,385,delivered
PO00346,SUP020,PROD0028,2023-10-16,2023-10-28,2023-10-28,174,390,delivered
PO00347,SUP017,PROD0002,2024-03-03,2024-03-28,2024-03-28,150,465,delivered
PO00348,SUP003,PROD0006,2024-03-17,2024-04-24,,199,288,in_transit
PO00349,SUP018,PROD0043,2024-02-26,2024-03-16,2024-03-16,70,276,delivered
PO00350,SUP024,PROD0060,2023-11-12,2023-11-19,2023-11-19,183,494,delivered
PO00351,SUP015,PROD0015,2024-03-26,2024-04-13,2024-04-13,123,219,delivered
PO00352,SUP012,PROD0002,2023-10-09,2023-11-11,2023-11-11,99,396,delivered
PO00353,SUP011,PROD0040,2024-03-11,2024-03-17,,148,17,in_transit
PO00354,SUP016,PROD0043,2024-01-11,2024-02-09,2024-02-11,23,487,delivered
PO00355,SUP009,PROD0012,2024-02-18,2024-03-02,,65,384,cancelled
PO00356,SUP013,PROD0055,2023-10-23,2023-10-29,2023-10-29,177,278,delivered
PO00357,SUP023,PROD0027,2023-12-10,2023-12-17,2023-12-17,44,140,delivered
PO00358,SUP002,PROD0026,2024-02-05,2024-03-13,2024-04-01,152,236,delivered
PO00359,SUP009,PROD0052,2024-03-28,2024-04-10,2024-04-10,433,220,delivered
PO00360,SUP002,PROD0047,2024-01-18,2024-02-24,2024-03-03,127,466,delivered
PO00361,SUP022,PROD0003,2023-12-17,2023-12-23,2023-12-23,49,483,delivered
PO00362,SUP001,PROD0021,2024-03-13,2024-05-01,2024-05-09,199,43,delivered
PO00363,SUP011,PROD0057,2023-10-25,2023-10-31,2023-10-31,195,393,delivered
PO00364,SUP011,PROD0030,2023-10-17,2023-10-23,2023-10-23,110,428,delivered
PO00365,SUP002,PROD0002,2024-03-18,2024-04-24,2024-05-09,175,56,delivered
PO00366,SUP020,PROD0060,2023-10-03,2023-10-15,2023-10-15,106,137,delivered
PO00367,SUP025,PROD0047,2023-11-09,2023-12-09,2023-12-09,162,200,delivered
PO00368,SUP021,PROD0046,2024-02-21,2024-03-22,2024-03-23,164,48,delivered
PO00369,SUP018,PROD0051,2024-02-13,2024-03-03,2024-03-03,170,452,delivered
PO00370,SUP006,PROD0014,2024-01-10,2024-02-12,2024-02-12,91,199,delivered
PO00371,SUP014,PROD0059,2023-12-25,2024-01-16,2024-01-18,132,290,delivered
PO00372,SUP023,PROD0022,2024-03-26,2024-04-02,,102,119,in_transit
PO00373,SUP010,PROD0019,2023-10-30,2023-11-17,2023-11-17,192,336,delivered
PO00374,SUP023,PROD0057,2023-10-21,2023-10-28,2023-10-28,194,407,delivered
PO00375,SUP004,PROD0040,2023-11-01,2023-12-07,2023-12-17,28,329,delivered
PO00376,SUP025,PROD0014,2023-11-24,2023-12-24,2023-12-26,97,231,delivered
PO00377,SUP008,PROD0002,2024-01-15,2024-02-13,2024-02-13,144,119,delivered
PO00378,SUP023,PROD0016,2023-12-03,2023-12-10,2023-12-10,132,441,delivered
PO00379,SUP014,PROD0050,2024-02-28,2024-03-21,2024-03-21,88,313,delivered
PO00380,SUP001,PROD0053,2024-02-16,2024-04-05,,87,44,in_transit
PO00381,SUP024,PROD0032,2023-12-06,2023-12-13,2023-12-15,27,310,delivered
PO00382,SUP012,PROD0046,2023-11-18,2023-12-21,2023-12-21,34,370,delivered
PO00383,SUP022,PROD0040,2023-10-23,2023-10-29,2023-10-29,70,47,delivered
PO00384,SUP004,PROD0055,2024-01-02,2024-02-07,2024-02-26,47,269,delivered
PO00385,SUP003,PROD0022,2024-03-12,2024-04-19,,110,448,cancelled
PO00386,SUP008,PROD0023,2024-03-16,2024-04-14,2024-04-14,25,223,delivered
PO00387,SUP012,PROD0006,2023-10-29,2023-12-01,2023-12-01,155,476,delivered
PO00388,SUP013,PROD0049,2024-01-09,2024-01-15,2024-01-15,187,151,delivered
PO00389,SUP024,PROD0049,2024-02-20,2024-02-27,2024-02-27,68,311,delivered
PO00390,SUP020,PROD0060,2024-01-07,2024-01-19,2024-01-19,109,304,delivered
PO00391,SUP010,PROD0043,2023-11-25,2023-12-13,2023-12-14,145,242,delivered
PO00392,SUP017,PROD0024,2023-10-23,2023-11-17,2023-11-17,70,68,delivered
PO00393,SUP013,PROD0011,2024-02-26,2024-03-03,,158,342,in_transit
PO00394,SUP013,PROD0001,2024-03-18,2024-03-24,2024-03-24,127,28,delivered
PO00395,SUP021,PROD0045,2023-10-14,2023-11-13,2023-11-13,180,310,delivered
PO00396,SUP005,PROD0008,2024-03-03,2024-04-18,2024-05-07,110,183,delivered
PO00397,SUP015,PROD0023,2024-03-27,2024-04-14,2024-04-14,194,349,delivered
PO00398,SUP001,PROD0036,2023-12-23,2024-02-10,2024-02-20,166,248,delivered
PO00399,SUP017,PROD0033,2023-12-17,2024-01-11,2024-01-11,141,252,delivered
PO00400,SUP009,PROD0010,2023-11-22,2023-12-05,2023-12-05,94,470,delivered
PO00401,SUP022,PROD0009,2024-01-31,2024-02-06,2024-02-06,58,37,delivered
PO00402,SUP021,PROD0002,2024-01-03,2024-02-02,2024-02-02,185,396,delivered
PO00403,SUP017,PROD0041,2023-10-14,2023-11-08,2023-11-08,182,244,delivered
PO00404,SUP005,PROD0021,2023-12-03,2024-01-18,2024-01-31,68,136,delivered
PO00405,SUP024,PROD0057,2023-11-09,2023-11-16,2023-11-16,47,286,delivered
PO00406,SUP003,PROD0045,2024-01-29,2024-03-07,,92,446,in_transit
PO00407,SUP012,PROD0034,2023-11-03,2023-12-06,,175,181,in_transit
PO00408,SUP023,PROD0040,2023-12-16,2023-12-23,2023-12-23,67,169,delivered
PO00409,SUP004,PROD0060,2024-03-11,2024-04-16,2024-05-04,171,176,delivered
PO00410,SUP005,PROD0007,2024-03-15,2024-04-30,2024-05-10,75,330,delivered
PO00411,SUP019,PROD0029,2024-02-25,2024-03-24,2024-03-24,182,436,delivered
PO00412,SUP011,PROD0049,2024-01-23,2024-01-29,2024-01-29,57,73,delivered
PO00413,SUP020,PROD0056,2023-12-06,2023-12-18,2023-12-18,50,397,delivered
PO00414,SUP024,PROD0024,2023-12-08,2023-12-15,2023-12-17,94,54,delivered
PO00415,SUP011,PROD0027,2023-11-22,2023-11-28,2023-11-28,69,271,delivered
PO00416,SUP010,PROD0037,2024-02-01,2024-02-19,,144,46,cancelled
PO00417,SUP005,PROD0035,2023-12-28,2024-02-12,,153,205,cancelled
PO00418,SUP009,PROD0049,2023-10-31,2023-11-13,,96,68,cancelled
PO00419,SUP020,PROD0017,2024-01-19,2024-01-31,,41,77,cancelled
PO00420,SUP009,PROD0049,2024-02-20,2024-03-04,2024-03-04,181,374,delivered
PO00421,SUP019,PROD0003,2023-11-13,2023-12-11,2023-12-11,117,425,delivered
PO00422,SUP021,PROD0046,2024-02-06,2024-03-07,2024-03-07,40,309,delivered
PO00423,SUP001,PROD0028,2023-10-26,2023-12-14,2023-12-22,144,492,delivered
PO00424,SUP011,PROD0036,2024-03-29,2024-04-04,,36,108,in_transit
PO00425,SUP008,PROD0022,2024-03-02,2024-03-31,,38,174,delayed
PO00426,SUP008,PROD0028,2023-10-07,2023-11-05,,164,110,delayed
PO00427,SUP019,PROD0027,2024-01-27,2024-02-24,2024-02-24,117,276,delivered
PO00428,SUP022,PROD0021,2024-02-18,2024-02-24,2024-02-24,24,474,delivered
PO00429,SUP012,PROD0006,2023-10-19,2023-11-21,2023-11-23,134,156,delivered
PO00430,SUP006,PROD0055,2024-01-12,2024-02-14,,94,426,delayed
PO00431,SUP023,PROD0015,2024-03-05,2024-03-12,,198,446,cancelled
PO00432,SUP018,PROD0028,2024-03-29,2024-04-17,2024-04-17,194,248,delivered
PO00433,SUP016,PROD0009,2023-12-13,2024-01-11,2024-01-11,135,438,delivered
PO00434,SUP008,PROD0019,2023-12-04,2024-01-02,2024-01-02,57,332,delivered
PO00435,SUP014,PROD0031,2024-01-24,2024-02-15,2024-02-15,41,358,delivered
PO00436,SUP010,PROD0042,2023-12-05,2023-12-23,2023-12-23,145,286,delivered
PO00437,SUP024,PROD0035,2023-11-01,2023-11-08,2023-11-08,76,231,delivered
PO00438,SUP008,PROD0026,2024-01-23,2024-02-21,2024-02-21,90,39,delivered
PO00439,SUP025,PROD0037,2023-10-03,2023-11-02,2023-11-02,162,46,delivered
PO00440,SUP009,PROD0001,2024-03-14,2024-03-27,2024-03-27,54,203,delivered
PO00441,SUP002,PROD0046,2024-02-07,2024-03-15,2024-04-01,23,423,delivered
PO00442,SUP003,PROD0008,2023-10-05,2023-11-12,2023-11-20,161,197,delivered
PO00443,SUP013,PROD0019,2024-02-02,2024-02-08,2024-02-08,121,25,delivered
PO00444,SUP002,PROD0042,2024-02-03,2024-03-11,2024-03-19,163,367,delivered
PO00445,SUP013,PROD0056,2024-01-21,2024-01-27,2024-01-27,178,299,delivered
PO00446,SUP014,PROD0056,2024-02-05,2024-02-27,2024-02-27,74,36,delivered
PO00447,SUP007,PROD0001,2024-02-24,2024-03-15,2024-03-18,177,446,delivered
PO00448,SUP025,PROD0025,2023-11-02,2023-12-02,2023-12-02,100,192,delivered
PO00449,SUP010,PROD0036,2023-11-25,2023-12-13,2023-12-13,71,157,delivered
PO00450,SUP014,PROD0052,2023-11-24,2023-12-16,2023-12-16,171,344,delivered
PO00451,SUP013,PROD0059,2023-10-10,2023-10-16,2023-10-16,31,128,delivered
PO00452,SUP024,PROD0034,2024-02-06,2024-02-13,2024-02-13,94,370,delivered
PO00453,SUP017,PROD0058,2024-01-03,2024-01-28,2024-01-28,173,283,delivered
PO00454,SUP023,PROD0024,2023-11-21,2023-11-28,2023-11-28,27,434,delivered
PO00455,SUP011,PROD0057,2023-12-06,2023-12-12,2023-12-12,126,156,delivered
PO00456,SUP004,PROD0036,2023-12-23,2024-01-28,2024-02-04,162,316,delivered
PO00457,SUP006,PROD0048,2023-11-27,2023-12-30,2023-12-31,198,430,delivered
PO00458,SUP001,PROD0060,2024-01-30,2024-03-19,2024-03-30,157,184,delivered
PO00459,SUP011,PROD0013,2024-01-11,2024-01-17,2024-01-17,180,33,delivered
PO00460,SUP015,PROD0025,2024-01-04,2024-01-22,2024-01-22,40,349,delivered
PO00461,SUP010,PROD0017,2024-01-11,2024-01-29,2024-01-29,67,368,delivered
PO00462,SUP015,PROD0048,2024-02-25,2024-03-14,,124,389,in_transit
PO00463,SUP013,PROD0018,2024-02-20,2024-02-26,2024-02-26,119,40,delivered
PO00464,SUP006,PROD0011,2023-11-25,2023-12-28,,119,118,cancelled
PO00465,SUP013,PROD0034,2024-02-16,2024-02-22,2024-02-22,27,272,delivered
PO00466,SUP006,PROD0044,2024-03-22,2024-04-24,,168,37,delayed
PO00467,SUP022,PROD0001,2024-01-10,2024-01-16,2024-01-16,40,261,delivered
PO00468,SUP017,PROD0054,2023-11-25,2023-12-20,2023-12-20,157,62,delivered
PO00469,SUP014,PROD0013,2024-03-15,2024-04-06,2024-04-06,121,289,delivered
PO00470,SUP014,PROD0010,2024-03-13,2024-04-04,2024-04-04,172,396,delivered
PO00471,SUP022,PROD0052,2023-10-26,2023-11-01,,48,180,in_transit
PO00472,SUP006,PROD0001,2023-12-25,2024-01-27,2024-01-31,138,165,delivered
PO00473,SUP012,PROD0027,2024-03-20,2024-04-22,2024-04-22,194,231,delivered
PO00474,SUP007,PROD0032,2024-03-03,2024-03-23,,52,64,delayed
PO00475,SUP020,PROD0057,2024-02-05,2024-02-17,2024-02-17,31,25,delivered
PO00476,SUP013,PROD0007,2024-01-21,2024-01-27,2024-01-27,70,466,delivered
PO00477,SUP023,PROD0025,2023-11-16,2023-11-23,,78,141,in_transit
PO00478,SUP009,PROD0029,2024-01-08,2024-01-21,2024-01-21,175,214,delivered
PO00479,SUP004,PROD0026,2024-01-14,2024-02-19,,156,128,in_transit
PO00480,SUP020,PROD0050,2023-12-16,2023-12-28,2023-12-28,162,297,delivered
PO00481,SUP012,PROD0007,2024-01-16,2024-02-18,2024-02-18,45,34,delivered
PO00482,SUP011,PROD0013,2024-01-14,2024-01-20,2024-01-20,87,360,delivered
PO00483,SUP017,PROD0047,2023-11-23,2023-12-18,2023-12-18,121,225,delivered
PO00484,SUP009,PROD0046,2023-10-28,2023-11-10,2023-11-10,133,14,delivered
PO00485,SUP024,PROD0054,2024-03-11,2024-03-18,2024-03-18,197,431,delivered
PO00486,SUP021,PROD0046,2024-02-13,2024-03-14,2024-03-14,57,71,delivered
PO00487,SUP010,PROD0046,2024-02-20,2024-03-09,,22,487,in_transit
PO00488,SUP008,PROD0044,2024-01-18,2024-02-16,,180,218,cancelled
PO00489,SUP013,PROD0050,2023-10-13,2023-10-19,2023-10-19,114,165,delivered
PO00490,SUP004,PROD0035,2023-11-19,2023-12-25,,83,196,cancelled
PO00491,SUP025,PROD0012,2024-02-18,2024-03-19,,120,98,in_transit
PO00492,SUP023,PROD0055,2024-01-12,2024-01-19,,137,475,cancelled
PO00493,SUP004,PROD0044,2024-01-25,2024-03-01,2024-03-08,48,68,delivered
PO00494,SUP011,PROD0043,2023-12-21,2023-12-27,2023-12-27,181,256,delivered
PO00495,SUP004,PROD0047,2024-01-04,2024-02-09,,84,436,in_transit
PO00496,SUP020,PROD0024,2023-12-27,2024-01-08,2024-01-08,112,95,delivered
PO00497,SUP004,PROD0037,2024-03-06,2024-04-11,,189,264,in_transit
PO00498,SUP024,PROD0042,2024-01-14,2024-01-21,2024-01-22,85,64,delivered
PO00499,SUP025,PROD0029,2024-01-18,2024-02-17,2024-02-17,160,182,delivered
PO00500,SUP024,PROD0055,2024-03-05,2024-03-12,2024-03-12,53,138,delivered
PO00501,SUP017,PROD0003,2024-02-27,2024-03-23,,136,103,in_transit
PO00502,SUP017,PROD0039,2024-01-01,2024-01-26,2024-01-26,109,215,delivered
PO00503,SUP020,PROD0053,2024-01-01,2024-01-13,2024-01-13,101,333,delivered
PO00504,SUP013,PROD0020,2024-01-26,2024-02-01,2024-02-01,106,275,delivered
PO00505,SUP005,PROD0058,2024-02-24,2024-04-10,,41,363,in_transit
PO00506,SUP009,PROD0029,2023-12-09,2023-12-22,2023-12-22,158,321,delivered
PO00507,SUP019,PROD0019,2024-01-19,2024-02-16,2024-02-16,66,336,delivered
PO00508,SUP014,PROD0004,2023-10-25,2023-11-16,2023-11-16,125,93,delivered
PO00509,SUP008,PROD0041,2024-01-22,2024-02-20,,166,121,cancelled
PO00510,SUP014,PROD0057,2023-12-09,2023-12-31,,141,280,in_transit
PO00511,SUP001,PROD0003,2024-01-21,2024-03-10,,43,292,in_transit
PO00512,SUP004,PROD0034,2023-10-26,2023-12-01,,43,499,in_transit
PO00513,SUP002,PROD0057,2024-03-27,2024-05-03,,135,288,cancelled
PO00514,SUP021,PROD0041,2023-11-28,2023-12-28,2023-12-28,73,335,delivered
PO00515,SUP007,PROD0039,2024-03-16,2024-04-05,2024-04-05,104,326,delivered
PO00516,SUP022,PROD0047,2023-12-17,2023-12-23,2023-12-23,57,429,delivered
PO00517,SUP023,PROD0058,2023-11-21,2023-11-28,2023-11-28,49,199,delivered
PO00518,SUP019,PROD0014,2024-02-05,2024-03-04,2024-03-04,142,56,delivered
PO00519,SUP024,PROD0022,2023-11-25,2023-12-02,2023-12-03,168,465,delivered
PO00520,SUP010,PROD0010,2023-11-03,2023-11-21,2023-11-21,181,264,delivered
PO00521,SUP010,PROD0022,2023-10-19,2023-11-06,2023-11-06,87,57,delivered
PO00522,SUP021,PROD0037,2024-01-12,2024-02-11,2024-02-11,84,200,delivered
PO00523,SUP009,PROD0024,2024-01-14,2024-01-27,2024-01-27,34,105,delivered
PO00524,SUP015,PROD0023,2024-02-01,2024-02-19,2024-02-20,186,135,delivered
PO00525,SUP009,PROD0013,2023-12-11,2023-12-24,,25,349,cancelled
PO00526,SUP003,PROD0017,2023-12-04,2024-01-11,,68,85,in_transit
PO00527,SUP013,PROD0055,2023-12-06,2023-12-12,2023-12-12,100,460,delivered
PO00528,SUP004,PROD0018,2024-01-23,2024-02-28,,102,52,in_transit
PO00529,SUP008,PROD0014,2023-11-29,2023-12-28,,52,279,cancelled
PO00530,SUP023,PROD0004,2023-11-30,2023-12-07,2023-12-07,176,348,delivered
PO00531,SUP008,PROD0019,2023-10-29,2023-11-27,2023-11-27,99,399,delivered
PO00532,SUP003,PROD0019,2023-12-21,2024-01-28,,142,52,in_transit
PO00533,SUP020,PROD0031,2024-03-22,2024-04-03,,170,11,in_transit
PO00534,SUP019,PROD0057,2023-12-13,2024-01-10,2024-01-10,26,215,delivered
PO00535,SUP016,PROD0055,2023-12-24,2024-01-22,2024-01-22,198,219,delivered
PO00536,SUP001,PROD0049,2023-10-14,2023-12-02,2023-12-19,145,62,delivered
PO00537,SUP012,PROD0017,2024-02-13,2024-03-17,2024-03-17,116,14,delivered
PO00538,SUP022,PROD0056,2023-11-30,2023-12-06,2023-12-06,52,327,delivered
PO00539,SUP022,PROD0005,2024-02-02,2024-02-08,,66,176,in_transit
PO00540,SUP013,PROD0020,2024-02-14,2024-02-20,2024-02-20,98,224,delivered
PO00541,SUP022,PROD0029,2024-02-27,2024-03-04,2024-03-04,48,289,delivered
PO00542,SUP025,PROD0008,2023-12-03,2024-01-02,2024-01-02,176,211,delivered
PO00543,SUP005,PROD0028,2023-12-03,2024-01-18,2024-01-28,188,462,delivered
PO00544,SUP009,PROD0049,2024-03-27,2024-04-09,2024-04-09,90,396,delivered
PO00545,SUP016,PROD0002,2024-02-03,2024-03-03,2024-03-03,43,83,delivered
PO00546,SUP023,PROD0039,2024-03-07,2024-03-14,2024-03-14,39,484,delivered
PO00547,SUP019,PROD0020,2024-01-21,2024-02-18,2024-02-18,85,423,delivered
PO00548,SUP006,PROD0015,2023-10-29,2023-12-01,,29,82,delayed
PO00549,SUP016,PROD0006,2024-01-10,2024-02-08,,78,267,in_transit
PO00550,SUP001,PROD0019,2024-03-04,2024-04-22,,29,318,cancelled
PO00551,SUP022,PROD0051,2023-11-19,2023-11-25,2023-11-25,168,388,delivered
PO00552,SUP025,PROD0045,2023-10-30,2023-11-29,2023-11-29,132,310,delivered
PO00553,SUP004,PROD0019,2024-02-08,2024-03-15,,157,429,in_transit
PO00554,SUP014,PROD0042,2024-03-10,2024-04-01,,51,271,cancelled
PO00555,SUP017,PROD0010,2024-01-24,2024-02-18,2024-02-18,46,63,delivered
PO00556,SUP021,PROD0025,2024-03-06,2024-04-05,2024-04-05,130,280,delivered
PO00557,SUP019,PROD0056,2024-01-02,2024-01-30,2024-01-30,36,52,delivered
PO00558,SUP020,PROD0045,2024-03-18,2024-03-30,2024-04-01,58,378,delivered
PO00559,SUP015,PROD0033,2024-01-20,2024-02-07,2024-02-08,88,308,delivered
PO00560,SUP018,PROD0003,2023-12-03,2023-12-22,2023-12-24,77,170,delivered
PO00561,SUP023,PROD0010,2023-12-23,2023-12-30,2023-12-30,57,136,delivered
PO00562,SUP013,PROD0056,2024-03-24,2024-03-30,2024-03-30,390,247,delivered
PO00563,SUP017,PROD0009,2024-02-13,2024-03-09,2024-03-09,126,354,delivered
PO00564,SUP001,PROD0054,2023-11-08,2023-12-27,,156,347,in_transit
PO00565,SUP021,PROD0002,2023-11-29,2023-12-29,2023-12-29,126,132,delivered
PO00566,SUP004,PROD0050,2024-01-17,2024-02-22,2024-03-01,56,344,delivered
PO00567,SUP022,PROD0011,2023-10-06,2023-10-12,2023-10-14,154,70,delivered
PO00568,SUP015,PROD0001,2023-11-26,2023-12-14,2023-12-14,22,471,delivered
PO00569,SUP006,PROD0038,2023-12-26,2024-01-28,,176,142,cancelled
PO00570,SUP021,PROD0050,2024-01-19,2024-02-18,2024-02-18,66,93,delivered
PO00571,SUP001,PROD0004,2024-02-19,2024-04-08,2024-04-23,46,321,delivered
PO00572,SUP021,PROD0058,2023-11-23,2023-12-23,2023-12-23,107,162,delivered
PO00573,SUP023,PROD0032,2024-02-12,2024-02-19,2024-02-19,55,119,delivered
PO00574,SUP007,PROD0016,2024-01-07,2024-01-27,,132,222,cancelled
PO00575,SUP006,PROD0051,2024-01-19,2024-02-21,2024-02-21,54,48,delivered
PO00576,SUP010,PROD0023,2023-12-17,2024-01-04,2024-01-04,177,322,delivered
PO00577,SUP015,PROD0037,2023-12-28,2024-01-15,2024-01-15,160,169,delivered
PO00578,SUP023,PROD0045,2024-02-24,2024-03-02,2024-03-02,123,94,delivered
PO00579,SUP018,PROD0030,2024-02-29,2024-03-19,2024-03-19,52,423,delivered
PO00580,SUP010,PROD0051,2024-02-01,2024-02-19,2024-02-19,157,124,delivered
PO00581,SUP011,PROD0014,2024-03-17,2024-03-23,2024-03-23,66,255,delivered
PO00582,SUP024,PROD0008,2024-01-17,2024-01-24,2024-01-24,156,184,delivered
PO00583,SUP003,PROD0010,2024-03-18,2024-04-25,2024-05-03,194,499,delivered
PO00584,SUP002,PROD0051,2024-02-20,2024-03-28,2024-04-16,148,427,delivered
PO00585,SUP016,PROD0049,2023-12-05,2024-01-03,2024-01-03,80,422,delivered
PO00586,SUP017,PROD0007,2023-10-15,2023-11-09,,88,291,in_transit
PO00587,SUP007,PROD0058,2023-11-20,2023-12-10,,122,318,cancelled
PO00588,SUP017,PROD0043,2023-10-27,2023-11-21,,150,216,in_transit
PO00589,SUP011,PROD0032,2023-10-28,2023-11-03,2023-11-03,143,153,delivered
PO00590,SUP024,PROD0056,2023-12-06,2023-12-13,2023-12-13,112,95,delivered
PO00591,SUP019,PROD0054,2024-03-07,2024-04-04,,102,156,in_transit
PO00592,SUP013,PROD0015,2024-02-10,2024-02-16,2024-02-16,158,190,delivered
PO00593,SUP018,PROD0051,2024-02-07,2024-02-26,2024-02-26,67,203,delivered
PO00594,SUP012,PROD0047,2024-01-14,2024-02-16,2024-02-16,55,344,delivered
PO00595,SUP013,PROD0018,2023-12-07,2023-12-13,,96,54,cancelled
PO00596,SUP020,PROD0029,2024-02-02,2024-02-14,2024-02-14,86,348,delivered
PO00597,SUP008,PROD0059,2023-12-03,2024-01-01,,151,69,delayed
PO00598,SUP011,PROD0032,2024-01-01,2024-01-07,2024-01-07,177,244,delivered
PO00599,SUP009,PROD0028,2024-03-09,2024-03-22,2024-03-22,143,491,delivered
PO00600,SUP025,PROD0036,2024-02-15,2024-03-16,2024-03-16,77,366,delivered
PO00601,SUP020,PROD0017,2024-01-09,2024-01-21,2024-01-21,63,38,delivered
PO00602,SUP006,PROD0029,2024-02-24,2024-03-28,,163,224,delayed
PO00603,SUP021,PROD0026,2023-11-07,2023-12-07,2023-12-07,81,435,delivered
PO00604,SUP011,PROD0054,2023-10-18,2023-10-24,2023-10-24,27,113,delivered
PO00605,SUP002,PROD0030,2024-02-17,2024-03-25,2024-04-01,63,404,delivered
PO00606,SUP002,PROD0050,2024-02-19,2024-03-27,2024-04-03,134,355,delivered
PO00607,SUP006,PROD0057,2024-03-16,2024-04-18,,80,138,delayed
PO00608,SUP021,PROD0058,2024-01-20,2024-02-19,2024-02-19,32,420,delivered
PO00609,SUP007,PROD0053,2024-02-11,2024-03-02,2024-03-03,42,384,delivered
PO00610,SUP020,PROD0012,2024-03-11,2024-03-23,2024-03-23,47,401,delivered
PO00611,SUP006,PROD0021,2024-01-06,2024-02-08,,182,88,delayed
PO00612,SUP024,PROD0046,2024-03-28,2024-04-04,2024-04-04,195,399,delivered
PO00613,SUP024,PROD0040,2024-03-07,2024-03-14,2024-03-14,123,86,delivered
PO00614,SUP011,PROD0033,2024-02-04,2024-02-10,2024-02-10,57,185,delivered
PO00615,SUP010,PROD0003,2024-01-19,2024-02-06,2024-02-06,110,172,delivered
PO00616,SUP013,PROD0049,2023-11-06,2023-11-12,2023-11-12,168,447,delivered
PO00617,SUP016,PROD0053,2023-11-06,2023-12-05,2023-12-05,105,175,delivered
PO00618,SUP017,PROD0032,2024-01-10,2024-02-04,2024-02-04,179,192,delivered
PO00619,SUP003,PROD0003,2023-12-26,2024-02-02,2024-02-12,144,147,delivered
PO00620,SUP019,PROD0043,2023-12-15,2024-01-12,2024-01-12,80,436,delivered
PO00621,SUP023,PROD0024,2024-02-18,2024-02-25,2024-02-25,129,491,delivered
PO00622,SUP005,PROD0051,2024-02-28,2024-04-14,,31,59,in_transit
PO00623,SUP017,PROD0042,2024-03-16,2024-04-10,2024-04-10,172,23,delivered
PO00624,SUP018,PROD0027,2023-11-26,2023-12-15,,139,480,in_transit
PO00625,SUP012,PROD0005,2023-12-28,2024-01-30,2024-01-30,188,68,delivered
PO00626,SUP010,PROD0022,2023-12-24,2024-01-11,2024-01-11,84,73,delivered
PO00627,SUP008,PROD0012,2024-02-29,2024-03-29,,194,218,cancelled
PO00628,SUP014,PROD0050,2024-02-27,2024-03-20,2024-03-20,197,121,delivered
PO00629,SUP015,PROD0012,2023-11-11,2023-11-29,,137,29,cancelled
PO00630,SUP003,PROD0028,2023-12-31,2024-02-07,2024-02-18,113,22,delivered
PO00631,SUP017,PROD0038,2023-12-07,2024-01-01,2024-01-01,55,447,delivered
PO00632,SUP008,PROD0043,2024-02-29,2024-03-29,2024-03-30,167,17,delivered
PO00633,SUP020,PROD0052,2024-02-23,2024-03-06,2024-03-06,193,327,delivered
PO00634,SUP015,PROD0056,2024-03-26,2024-04-13,2024-04-13,454,190,delivered
PO00635,SUP009,PROD0035,2024-03-29,2024-04-11,2024-04-11,56,243,delivered
PO00636,SUP025,PROD0008,2024-01-05,2024-02-04,2024-02-04,136,231,delivered
PO00637,SUP021,PROD0055,2023-10-14,2023-11-13,,196,282,in_transit
PO00638,SUP019,PROD0046,2023-10-13,2023-11-10,2023-11-10,117,443,delivered
PO00639,SUP020,PROD0050,2024-01-12,2024-01-24,2024-01-24,157,425,delivered
PO00640,SUP003,PROD0037,2024-02-05,2024-03-14,2024-03-28,59,81,delivered
PO00641,SUP023,PROD0040,2024-02-18,2024-02-25,2024-02-25,129,201,delivered
PO00642,SUP010,PROD0039,2023-10-30,2023-11-17,2023-11-18,68,429,delivered
PO00643,SUP022,PROD0004,2023-12-23,2023-12-29,,185,392,cancelled
PO00644,SUP024,PROD0023,2023-10-24,2023-10-31,2023-10-31,149,40,delivered
PO00645,SUP005,PROD0038,2023-10-12,2023-11-27,2023-12-06,187,137,delivered
PO00646,SUP012,PROD0048,2023-12-01,2024-01-03,2024-01-03,106,154,delivered
PO00647,SUP010,PROD0057,2024-01-16,2024-02-03,2024-02-03,28,287,delivered
PO00648,SUP019,PROD0012,2024-03-18,2024-04-15,2024-04-16,164,408,delivered
PO00649,SUP007,PROD0013,2023-12-22,2024-01-11,,51,402,cancelled
PO00650,SUP021,PROD0018,2023-12-18,2024-01-17,2024-01-17,95,437,delivered
PO00651,SUP025,PROD0035,2023-11-19,2023-12-19,2023-12-19,37,409,delivered
PO00652,SUP025,PROD0032,2023-12-03,2024-01-02,,160,374,cancelled
PO00653,SUP005,PROD0006,2023-12-18,2024-02-02,,109,279,in_transit
PO00654,SUP004,PROD0060,2023-11-10,2023-12-16,,91,290,in_transit
PO00655,SUP006,PROD0038,2024-01-30,2024-03-03,,72,231,cancelled
PO00656,SUP003,PROD0045,2024-02-29,2024-04-07,,115,431,cancelled
PO00657,SUP008,PROD0057,2023-10-08,2023-11-06,,51,108,cancelled
PO00658,SUP012,PROD0049,2023-11-30,2024-01-02,2024-01-02,50,358,delivered
PO00659,SUP025,PROD0041,2023-11-02,2023-12-02,2023-12-02,103,496,delivered
PO00660,SUP013,PROD0042,2024-01-24,2024-01-30,2024-01-30,196,285,delivered
PO00661,SUP004,PROD0033,2024-02-08,2024-03-15,2024-03-31,162,470,delivered
PO00662,SUP008,PROD0050,2024-01-19,2024-02-17,,42,183,delayed
PO00663,SUP015,PROD0059,2023-10-15,2023-11-02,2023-11-02,186,238,delivered
PO00664,SUP016,PROD0055,2023-10-04,2023-11-02,,164,295,cancelled
PO00665,SUP018,PROD0029,2024-01-04,2024-01-23,2024-01-23,101,278,delivered
PO00666,SUP016,PROD0055,2023-12-22,2024-01-20,2024-01-20,187,476,delivered
PO00667,SUP010,PROD0044,2023-11-24,2023-12-12,2023-12-12,147,189,delivered
PO00668,SUP009,PROD0054,2024-01-21,2024-02-03,2024-02-03,20,53,delivered
PO00669,SUP009,PROD0032,2023-10-17,2023-10-30,2023-10-30,159,490,delivered
PO00670,SUP008,PROD0008,2024-03-05,2024-04-03,,31,330,delayed
PO00671,SUP010,PROD0051,2024-02-18,2024-03-07,2024-03-07,122,180,delivered
PO00672,SUP021,PROD0021,2024-03-18,2024-04-17,2024-04-18,170,65,delivered
PO00673,SUP013,PROD0051,2023-11-25,2023-12-01,2023-12-01,196,236,delivered
PO00674,SUP021,PROD0051,2023-12-04,2024-01-03,2024-01-03,123,348,delivered
PO00675,SUP006,PROD0019,2023-10-30,2023-12-02,,57,128,delayed
PO00676,SUP020,PROD0004,2024-03-27,2024-04-08,,62,173,cancelled
PO00677,SUP020,PROD0058,2023-11-03,2023-11-15,2023-11-15,124,237,delivered
PO00678,SUP003,PROD0046,2024-01-14,2024-02-21,2024-03-06,47,394,delivered
PO00679,SUP001,PROD0012,2024-01-24,2024-03-13,2024-03-28,151,431,delivered
PO00680,SUP015,PROD0016,2023-12-17,2024-01-04,2024-01-04,50,481,delivered
PO00681,SUP002,PROD0003,2024-03-02,2024-04-08,,137,499,cancelled
PO00682,SUP020,PROD0040,2023-10-12,2023-10-24,2023-10-24,86,161,delivered
PO00683,SUP016,PROD0049,2023-10-17,2023-11-15,,182,469,in_transit
PO00684,SUP012,PROD0026,2024-03-25,2024-04-27,,181,480,in_transit
PO00685,SUP020,PROD0012,2024-02-11,2024-02-23,2024-02-23,106,185,delivered
PO00686,SUP025,PROD0002,2024-03-08,2024-04-07,2024-04-07,150,387,delivered
PO00687,SUP020,PROD0022,2024-01-26,2024-02-07,2024-02-07,57,262,delivered
PO00688,SUP020,PROD0015,2023-11-17,2023-11-29,2023-11-29,44,286,delivered
PO00689,SUP006,PROD0049,2024-01-17,2024-02-19,,131,373,delayed
PO00690,SUP004,PROD0027,2023-10-20,2023-11-25,,168,485,in_transit
PO00691,SUP008,PROD0023,2023-11-11,2023-12-10,,157,354,cancelled
PO00692,SUP008,PROD0055,2023-12-02,2023-12-31,,24,387,delayed
PO00693,SUP023,PROD0037,2023-11-27,2023-12-04,2023-12-04,121,358,delivered
PO00694,SUP002,PROD0001,2024-01-14,2024-02-20,,70,39,in_transit
PO00695,SUP012,PROD0012,2024-03-17,2024-04-19,2024-04-19,109,214,delivered
PO00696,SUP022,PROD0028,2024-02-01,2024-02-07,2024-02-07,113,466,delivered
PO00697,SUP024,PROD0047,2024-03-12,2024-03-19,2024-03-19,50,61,delivered
PO00698,SUP022,PROD0040,2024-01-11,2024-01-17,2024-01-17,130,394,delivered
PO00699,SUP022,PROD0042,2024-02-28,2024-03-05,2024-03-05,98,218,delivered
PO00700,SUP016,PROD0008,2024-03-25,2024-04-23,2024-04-23,36,26,delivered
PO00701,SUP006,PROD0017,2023-12-19,2024-01-21,,192,271,delayed
PO00702,SUP014,PROD0047,2023-12-13,2024-01-04,2024-01-04,162,319,delivered
PO00703,SUP021,PROD0056,2024-03-13,2024-04-12,2024-04-13,79,15,delivered
PO00704,SUP025,PROD0034,2023-10-28,2023-11-27,2023-11-27,66,14,delivered
PO00705,SUP018,PROD0018,2024-02-11,2024-03-01,2024-03-03,36,258,delivered
PO00706,SUP012,PROD0055,2024-02-22,2024-03-26,,38,72,in_transit
PO00707,SUP012,PROD0035,2023-12-22,2024-01-24,2024-01-24,182,412,delivered
PO00708,SUP016,PROD0044,2024-01-14,2024-02-12,2024-02-12,171,326,delivered
PO00709,SUP018,PROD0001,2024-01-09,2024-01-28,2024-01-28,51,173,delivered
PO00710,SUP014,PROD0037,2024-01-22,2024-02-13,2024-02-13,87,305,delivered
PO00711,SUP004,PROD0045,2023-12-31,2024-02-05,,47,361,in_transit
PO00712,SUP003,PROD0054,2024-02-15,2024-03-24,,43,280,in_transit
PO00713,SUP009,PROD0039,2023-11-16,2023-11-29,,27,80,in_transit
PO00714,SUP019,PROD0039,2024-02-04,2024-03-03,2024-03-03,76,473,delivered
PO00715,SUP018,PROD0050,2024-01-27,2024-02-15,2024-02-15,186,69,delivered
PO00716,SUP023,PROD0005,2024-01-04,2024-01-11,2024-01-11,153,449,delivered
PO00717,SUP004,PROD0029,2024-03-01,2024-04-06,2024-04-20,25,297,delivered
PO00718,SUP009,PROD0037,2023-10-08,2023-10-21,2023-10-21,131,385,delivered
PO00719,SUP011,PROD0043,2024-02-24,2024-03-01,2024-03-01,115,397,delivered
PO00720,SUP019,PROD0005,2024-03-10,2024-04-07,2024-04-07,54,31,delivered
PO00721,SUP023,PROD0011,2023-10-05,2023-10-12,2023-10-12,156,325,delivered
PO00722,SUP018,PROD0049,2023-12-14,2024-01-02,2024-01-02,42,211,delivered
PO00723,SUP015,PROD0052,2023-11-01,2023-11-19,2023-11-19,44,421,delivered
PO00724,SUP015,PROD0025,2023-12-15,2024-01-02,2024-01-04,77,103,delivered
PO00725,SUP003,PROD0052,2023-11-19,2023-12-27,2024-01-07,29,108,delivered
PO00726,SUP021,PROD0022,2024-03-23,2024-04-22,2024-04-22,154,218,delivered
PO00727,SUP012,PROD0057,2023-11-13,2023-12-16,2023-12-17,73,340,delivered
PO00728,SUP021,PROD0059,2023-12-31,2024-01-30,2024-01-30,163,271,delivered
PO00729,SUP015,PROD0048,2023-11-13,2023-12-01,2023-12-01,95,197,delivered
PO00730,SUP002,PROD0026,2023-11-30,2024-01-06,2024-01-20,174,292,delivered
PO00731,SUP007,PROD0047,2024-01-29,2024-02-18,2024-02-18,193,72,delivered
PO00732,SUP011,PROD0017,2023-12-04,2023-12-10,2023-12-10,139,301,delivered
PO00733,SUP016,PROD0036,2023-10-30,2023-11-28,2023-11-28,137,358,delivered
PO00734,SUP023,PROD0016,2023-10-16,2023-10-23,2023-10-23,90,189,delivered
PO00735,SUP003,PROD0015,2024-03-25,2024-05-02,2024-05-18,193,445,delivered
PO00736,SUP021,PROD0037,2023-10-29,2023-11-28,2023-11-28,74,294,delivered
PO00737,SUP004,PROD0002,2024-02-29,2024-04-05,2024-04-15,35,155,delivered
PO00738,SUP013,PROD0019,2023-11-05,2023-11-11,2023-11-11,160,436,delivered
PO00739,SUP022,PROD0052,2024-03-30,2024-04-05,2024-04-05,530,412,delivered
PO00740,SUP015,PROD0057,2024-02-27,2024-03-16,2024-03-16,28,297,delivered
PO00741,SUP020,PROD0023,2024-02-05,2024-02-17,2024-02-19,94,174,delivered
PO00742,SUP002,PROD0013,2023-11-13,2023-12-20,2023-12-30,156,115,delivered
PO00743,SUP019,PROD0042,2024-03-09,2024-04-06,2024-04-06,147,172,delivered
PO00744,SUP019,PROD0031,2023-11-03,2023-12-01,2023-12-01,85,196,delivered
PO00745,SUP024,PROD0017,2024-01-06,2024-01-13,2024-01-13,163,25,delivered
PO00746,SUP011,PROD0024,2024-02-08,2024-02-14,2024-02-14,158,384,delivered
PO00747,SUP015,PROD0050,2024-02-19,2024-03-08,,114,218,in_transit
PO00748,SUP001,PROD0047,2024-01-16,2024-03-05,,149,115,in_transit
PO00749,SUP012,PROD0019,2024-03-04,2024-04-06,2024-04-06,59,315,delivered
PO00750,SUP012,PROD0003,2023-10-29,2023-12-01,2023-12-01,132,191,delivered
PO00751,SUP022,PROD0030,2023-12-25,2023-12-31,2023-12-31,185,293,delivered
PO00752,SUP010,PROD0040,2023-12-18,2024-01-05,2024-01-07,124,383,delivered
PO00753,SUP013,PROD0022,2024-01-17,2024-01-23,,46,50,cancelled
PO00754,SUP025,PROD0002,2023-10-14,2023-11-13,2023-11-15,187,82,delivered
PO00755,SUP025,PROD0034,2024-03-26,2024-04-25,2024-04-25,39,48,delivered
PO00756,SUP004,PROD0024,2024-03-05,2024-04-10,,149,168,in_transit
PO00757,SUP002,PROD0029,2023-10-17,2023-11-23,2023-12-12,31,110,delivered
PO00758,SUP007,PROD0024,2024-02-28,2024-03-19,2024-03-19,157,119,delivered
PO00759,SUP014,PROD0034,2024-02-07,2024-02-29,2024-02-29,77,341,delivered
PO00760,SUP013,PROD0036,2023-10-24,2023-10-30,,146,345,cancelled
PO00761,SUP024,PROD0025,2024-01-06,2024-01-13,2024-01-13,180,438,delivered
PO00762,SUP003,PROD0023,2024-01-19,2024-02-26,2024-03-07,142,409,delivered
PO00763,SUP021,PROD0040,2024-02-19,2024-03-20,2024-03-20,163,346,delivered
PO00764,SUP007,PROD0046,2023-11-03,2023-11-23,,34,53,cancelled
PO00765,SUP022,PROD0047,2023-11-15,2023-11-21,2023-11-21,117,270,delivered
PO00766,SUP008,PROD0059,2023-12-20,2024-01-18,2024-01-18,62,362,delivered
PO00767,SUP019,PROD0046,2023-11-03,2023-12-01,,187,406,cancelled
PO00768,SUP003,PROD0005,2023-10-31,2023-12-08,2023-12-16,89,418,delivered
PO00769,SUP013,PROD0005,2023-12-30,2024-01-05,2024-01-05,91,256,delivered
PO00770,SUP011,PROD0039,2023-11-25,2023-12-01,2023-12-01,107,468,delivered
PO00771,SUP003,PROD0020,2023-11-17,2023-12-25,2024-01-01,146,67,delivered
PO00772,SUP017,PROD0002,2024-03-07,2024-04-01,2024-04-01,103,335,delivered
PO00773,SUP001,PROD0003,2024-03-13,2024-05-01,2024-05-11,127,213,delivered
PO00774,SUP009,PROD0039,2023-10-06,2023-10-19,2023-10-19,38,111,delivered
PO00775,SUP013,PROD0060,2023-12-27,2024-01-02,2024-01-02,71,120,delivered
PO00776,SUP019,PROD0008,2023-11-13,2023-12-11,2023-12-11,109,249,delivered
PO00777,SUP013,PROD0028,2024-02-16,2024-02-22,2024-02-22,39,449,delivered
PO00778,SUP012,PROD0015,2023-10-13,2023-11-15,2023-11-16,173,51,delivered
PO00779,SUP019,PROD0006,2024-03-24,2024-04-21,2024-04-21,135,239,delivered
PO00780,SUP003,PROD0040,2023-12-13,2024-01-20,,71,383,in_transit
PO00781,SUP007,PROD0011,2024-01-13,2024-02-02,2024-02-02,80,333,delivered
PO00782,SUP014,PROD0012,2024-03-21,2024-04-12,2024-04-12,70,126,delivered
PO00783,SUP016,PROD0057,2023-10-15,2023-11-13,2023-11-13,108,390,delivered
PO00784,SUP022,PROD0004,2023-12-16,2023-12-22,2023-12-22,68,16,delivered
PO00785,SUP022,PROD0041,2024-03-23,2024-03-29,2024-03-29,42,37,delivered
PO00786,SUP025,PROD0054,2023-10-31,2023-11-30,2023-12-02,116,173,delivered
PO00787,SUP017,PROD0003,2024-03-08,2024-04-02,2024-04-02,112,182,delivered
PO00788,SUP019,PROD0038,2024-01-16,2024-02-13,2024-02-13,66,190,delivered
PO00789,SUP006,PROD0023,2023-10-09,2023-11-11,,41,346,cancelled
PO00790,SUP009,PROD0010,2024-02-17,2024-03-01,2024-03-01,154,390,delivered
PO00791,SUP001,PROD0001,2024-03-12,2024-04-30,,23,410,in_transit
PO00792,SUP022,PROD0026,2023-10-06,2023-10-12,2023-10-12,20,80,delivered
PO00793,SUP003,PROD0008,2024-03-02,2024-04-09,2024-04-26,55,443,delivered
PO00794,SUP014,PROD0057,2024-02-25,2024-03-18,2024-03-18,175,422,delivered
PO00795,SUP004,PROD0037,2023-10-19,2023-11-24,2023-12-07,58,313,delivered
PO00796,SUP009,PROD0004,2023-11-01,2023-11-14,2023-11-14,177,287,delivered
PO00797,SUP004,PROD0018,2023-12-31,2024-02-05,,20,392,in_transit
PO00798,SUP023,PROD0026,2024-02-13,2024-02-20,2024-02-20,89,53,delivered
PO00799,SUP005,PROD0018,2024-01-05,2024-02-20,,120,39,in_transit
PO00800,SUP001,PROD0010,2023-10-14,2023-12-02,2023-12-17,137,359,delivered
