shipment_id,po_id,carrier_name,dispatch_date,expected_arrival_date,actual_arrival_date,delay_reason,status
SHIP000001,PO00001,UPS,2023-12-28,2024-01-08,2024-01-09,,delivered
SHIP000002,PO00003,UPS,2024-01-22,2024-02-02,2024-02-02,,delivered
SHIP000003,PO00004,CH Robinson,2023-11-26,2023-12-06,2023-12-08,,delivered
SHIP000004,PO00006,CH Robinson,2024-02-27,2024-03-02,2024-03-02,,delivered
SHIP000005,PO00007,AmazonSCS,2024-03-25,2024-04-26,2024-04-26,,delivered
SHIP000006,PO00009,UPS,2023-12-07,2024-01-04,,,in_transit
SHIP000007,PO00010,CH Robinson,2024-02-12,2024-03-12,2024-03-12,,delivered
SHIP000008,PO00011,CH Robinson,2024-03-18,2024-04-19,,,in_transit
SHIP000009,PO00012,UPS,2024-03-24,2024-04-12,2024-04-16,,delivered
SHIP000010,PO00013,FedEx,2024-03-18,2024-04-15,,carrier_issue,delayed
SHIP000011,PO00014,UPS,2024-01-25,2024-02-22,2024-02-22,,delivered
SHIP000012,PO00015,CH Robinson,2024-03-12,2024-04-12,2024-04-13,,delivered
SHIP000013,PO00016,DHL,2024-03-15,2024-03-20,2024-03-20,,delivered
SHIP000014,PO00017,FedEx,2024-02-23,2024-03-18,2024-03-18,,delivered
SHIP000015,PO00018,J.B. Hunt,2023-10-16,2023-11-12,2023-11-12,,delivered
SHIP000016,PO00019,XPO Logistics,2024-01-29,2024-02-03,2024-02-03,,delivered
SHIP000017,PO00021,AmazonSCS,2024-03-12,2024-03-17,,,in_transit
SHIP000018,PO00022,UPS,2024-01-26,2024-02-27,2024-02-27,,delivered
SHIP000019,PO00023,UPS,2024-01-21,2024-02-07,2024-02-07,,delivered
SHIP000020,PO00024,AmazonSCS,2024-03-29,2024-04-15,2024-04-15,,delivered
SHIP000021,PO00025,J.B. Hunt,2024-03-13,2024-04-05,2024-04-05,,delivered
SHIP000022,PO00027,XPO Logistics,2023-11-25,2023-12-24,2023-12-24,,delivered
SHIP000023,PO00028,FedEx,2024-01-22,2024-02-11,2024-02-11,,delivered
SHIP000024,PO00029,DHL,2023-11-04,2023-12-22,2024-01-04,,delivered
SHIP000025,PO00030,CH Robinson,2024-01-30,2024-03-05,2024-03-12,,delivered
SHIP000026,PO00031,DHL,2024-02-14,2024-02-18,2024-02-19,,delivered
SHIP000027,PO00032,XPO Logistics,2024-02-23,2024-04-07,2024-04-19,,delivered
SHIP000028,PO00033,FedEx,2023-11-23,2023-12-28,2024-01-14,,delivered
SHIP000029,PO00034,CH Robinson,2023-11-25,2023-12-21,2023-12-21,,delivered
SHIP000030,PO00035,DHL,2023-11-24,2023-11-29,2023-11-29,,delivered
SHIP000031,PO00036,FedEx,2023-10-21,2023-11-13,2023-11-13,,delivered
SHIP000032,PO00037,AmazonSCS,2024-02-06,2024-03-13,2024-03-28,,delivered
SHIP000033,PO00038,UPS,2023-12-23,2023-12-28,2023-12-28,,delivered
SHIP000034,PO00039,UPS,2023-10-28,2023-11-25,,,delayed
SHIP000035,PO00040,CH Robinson,2023-11-23,2023-12-11,2023-12-11,,delivered
SHIP000036,PO00041,CH Robinson,2023-12-12,2023-12-17,2023-12-17,,delivered
SHIP000037,PO00042,CH Robinson,2023-12-21,2024-01-25,2024-02-09,,delivered
SHIP000038,PO00043,AmazonSCS,2023-11-29,2023-12-15,,,in_transit
SHIP000039,PO00044,CH Robinson,2023-11-09,2023-12-02,2023-12-02,,delivered
SHIP000040,PO00045,FedEx,2024-02-07,2024-02-24,2024-02-24,,delivered
SHIP000041,PO00046,UPS,2024-02-10,2024-03-02,2024-03-02,,delivered
SHIP000042,PO00047,J.B. Hunt,2024-01-23,2024-02-10,,,delayed
SHIP000043,PO00048,AmazonSCS,2023-11-10,2023-11-15,2023-11-15,,delivered
SHIP000044,PO00049,J.B. Hunt,2023-10-21,2023-11-06,2023-11-06,,delivered
SHIP000045,PO00050,AmazonSCS,2023-10-29,2023-11-02,2023-11-02,,delivered
SHIP000046,PO00051,FedEx,2024-01-22,2024-02-08,2024-02-08,,delivered
SHIP000047,PO00052,J.B. Hunt,2024-03-20,2024-04-16,,,in_transit
SHIP000048,PO00053,UPS,2023-12-02,2024-01-06,,,in_transit
SHIP000049,PO00054,FedEx,2024-03-02,2024-04-18,2024-04-28,,delivered
SHIP000050,PO00055,AmazonSCS,2024-01-07,2024-01-11,2024-01-12,,delivered
SHIP000051,PO00057,FedEx,2023-12-18,2023-12-28,2023-12-28,,delivered
SHIP000052,PO00058,FedEx,2024-03-30,2024-04-05,2024-04-05,,delivered
SHIP000053,PO00060,J.B. Hunt,2023-10-24,2023-11-27,2023-12-13,,delivered
SHIP000054,PO00061,AmazonSCS,2023-11-10,2023-11-30,,,in_transit
SHIP000055,PO00062,UPS,2023-10-06,2023-10-11,2023-10-11,,delivered
SHIP000056,PO00063,J.B. Hunt,2024-03-23,2024-03-29,2024-03-30,,delivered
SHIP000057,PO00064,UPS,2023-10-20,2023-12-04,2023-12-16,,delivered
SHIP000058,PO00065,J.B. Hunt,2024-01-06,2024-01-11,,,in_transit
SHIP000059,PO00067,UPS,2023-11-07,2023-12-13,,,in_transit
SHIP000060,PO00068,FedEx,2024-01-17,2024-02-13,2024-02-14,,delivered
SHIP000061,PO00069,UPS,2023-12-21,2024-01-16,2024-01-16,,delivered
SHIP000062,PO00070,XPO Logistics,2023-11-12,2023-12-11,2023-12-11,,delivered
SHIP000063,PO00071,J.B. Hunt,2023-10-27,2023-11-27,,,delayed
SHIP000064,PO00072,AmazonSCS,2023-11-25,2023-12-19,2023-12-19,,delivered
SHIP000065,PO00073,J.B. Hunt,2024-02-15,2024-03-18,,,delayed
SHIP000066,PO00074,DHL,2024-01-23,2024-02-02,2024-02-02,,delivered
SHIP000067,PO00075,CH Robinson,2023-11-10,2023-12-15,,,in_transit
SHIP000068,PO00076,XPO Logistics,2023-12-28,2024-02-14,2024-03-01,,delivered
SHIP000069,PO00077,J.B. Hunt,2023-11-10,2023-12-28,2024-01-16,,delivered
SHIP000070,PO00078,DHL,2023-10-18,2023-10-24,2023-10-24,,delivered
SHIP000071,PO00079,XPO Logistics,2024-02-10,2024-03-13,2024-03-13,,delivered
SHIP000072,PO00081,CH Robinson,2024-02-14,2024-03-13,2024-03-13,,delivered
SHIP000073,PO00082,UPS,2024-01-23,2024-01-27,2024-01-27,,delivered
SHIP000074,PO00083,UPS,2024-02-13,2024-03-12,2024-03-12,,delivered
SHIP000075,PO00084,UPS,2023-11-24,2023-12-05,,,in_transit
SHIP000076,PO00085,AmazonSCS,2024-03-03,2024-03-07,2024-03-07,,delivered
SHIP000077,PO00086,FedEx,2023-11-30,2024-01-03,2024-01-12,,delivered
SHIP000078,PO00087,J.B. Hunt,2024-02-29,2024-03-28,,,delayed
SHIP000079,PO00088,UPS,2023-11-29,2023-12-16,2023-12-16,,delivered
SHIP000080,PO00089,FedEx,2023-12-18,2024-01-15,2024-01-15,,delivered
SHIP000081,PO00090,FedEx,2024-01-20,2024-02-12,2024-02-12,,delivered
SHIP000082,PO00092,FedEx,2024-03-06,2024-03-10,2024-03-10,,delivered
SHIP000083,PO00093,CH Robinson,2024-03-28,2024-04-08,,,in_transit
SHIP000084,PO00094,DHL,2023-12-13,2024-01-10,2024-01-10,,delivered
SHIP000085,PO00095,CH Robinson,2023-12-05,2023-12-10,2023-12-12,,delivered
SHIP000086,PO00096,DHL,2023-10-23,2023-11-19,2023-11-19,,delivered
SHIP000087,PO00097,XPO Logistics,2024-01-25,2024-02-29,2024-03-10,,delivered
SHIP000088,PO00098,J.B. Hunt,2024-03-09,2024-04-25,,,in_transit
SHIP000089,PO00099,CH Robinson,2024-01-22,2024-02-07,2024-02-07,,delivered
SHIP000090,PO00100,AmazonSCS,2024-01-05,2024-01-22,2024-01-22,,delivered
SHIP000091,PO00101,J.B. Hunt,2023-12-15,2023-12-20,2023-12-20,,delivered
SHIP000092,PO00102,AmazonSCS,2023-10-11,2023-11-28,2023-12-12,,delivered
SHIP000093,PO00103,FedEx,2024-02-24,2024-03-16,2024-03-16,,delivered
SHIP000094,PO00104,UPS,2023-10-11,2023-11-07,2023-11-07,,delivered
SHIP000095,PO00105,UPS,2023-11-09,2023-12-06,2023-12-06,,delivered
SHIP000096,PO00106,J.B. Hunt,2023-10-14,2023-11-28,2023-12-16,,delivered
SHIP000097,PO00107,XPO Logistics,2023-11-10,2023-11-20,2023-11-20,,delivered
SHIP000098,PO00108,XPO Logistics,2023-12-29,2024-01-29,2024-01-29,,delivered
SHIP000099,PO00109,CH Robinson,2024-02-08,2024-02-29,2024-02-29,,delivered
SHIP000100,PO00110,AmazonSCS,2023-10-28,2023-12-03,2023-12-20,,delivered
SHIP000101,PO00111,UPS,2024-03-06,2024-03-26,2024-03-26,,delivered
SHIP000102,PO00112,AmazonSCS,2024-02-08,2024-03-11,,,delayed
SHIP000103,PO00113,FedEx,2023-10-20,2023-11-21,2023-11-21,,delivered
SHIP000104,PO00114,XPO Logistics,2023-12-28,2024-01-26,2024-01-26,,delivered
SHIP000105,PO00115,DHL,2023-11-26,2023-12-31,,,in_transit
SHIP000106,PO00116,XPO Logistics,2024-02-02,2024-03-02,2024-03-02,,delivered
SHIP000107,PO00117,UPS,2023-11-08,2023-12-26,2024-01-12,,delivered
SHIP000108,PO00118,UPS,2024-03-16,2024-04-12,2024-04-12,,delivered
SHIP000109,PO00119,XPO Logistics,2024-01-23,2024-02-27,2024-03-12,,delivered
SHIP000110,PO00120,FedEx,2023-11-09,2023-12-26,2024-01-12,,delivered
SHIP000111,PO00121,UPS,2024-01-21,2024-02-13,2024-02-14,,delivered
SHIP000112,PO00122,FedEx,2023-12-03,2024-01-20,2024-02-02,,delivered
SHIP000113,PO00123,AmazonSCS,2024-01-20,2024-02-25,2024-03-04,,delivered
SHIP000114,PO00124,AmazonSCS,2024-01-13,2024-02-13,,,in_transit
SHIP000115,PO00125,XPO Logistics,2023-11-30,2023-12-23,2023-12-23,,delivered
SHIP000116,PO00126,J.B. Hunt,2024-03-01,2024-03-27,2024-03-27,,delivered
SHIP000117,PO00127,XPO Logistics,2024-01-01,2024-01-28,,,delayed
SHIP000118,PO00128,FedEx,2023-10-29,2023-11-10,2023-11-10,,delivered
SHIP000119,PO00129,CH Robinson,2023-12-28,2024-01-03,2024-01-03,,delivered
SHIP000120,PO00130,CH Robinson,2023-12-14,2024-01-10,2024-01-10,,delivered
SHIP000121,PO00131,AmazonSCS,2024-02-27,2024-03-08,2024-03-08,,delivered
SHIP000122,PO00132,XPO Logistics,2023-11-18,2023-12-19,2023-12-19,,delivered
SHIP000123,PO00133,XPO Logistics,2024-01-20,2024-01-25,2024-01-25,,delivered
SHIP000124,PO00134,DHL,2024-02-22,2024-02-26,2024-02-26,,delivered
SHIP000125,PO00135,DHL,2024-03-21,2024-04-26,2024-05-15,,delivered
SHIP000126,PO00136,XPO Logistics,2024-03-12,2024-03-16,2024-03-17,,delivered
SHIP000127,PO00137,UPS,2023-12-05,2023-12-28,2023-12-28,,delivered
SHIP000128,PO00138,XPO Logistics,2023-12-27,2024-01-24,2024-01-24,,delivered
SHIP000129,PO00139,DHL,2024-03-10,2024-03-30,2024-03-31,,delivered
SHIP000130,PO00140,XPO Logistics,2023-12-15,2024-01-13,2024-01-13,,delivered
SHIP000131,PO00144,AmazonSCS,2024-01-22,2024-01-26,2024-01-26,,delivered
SHIP000132,PO00145,J.B. Hunt,2023-10-07,2023-10-30,2023-10-30,,delivered
SHIP000133,PO00148,XPO Logistics,2023-10-17,2023-11-22,2023-12-07,,delivered
SHIP000134,PO00149,UPS,2024-01-13,2024-02-16,,,in_transit
SHIP000135,PO00151,XPO Logistics,2023-10-12,2023-11-13,2023-11-15,,delivered
SHIP000136,PO00152,AmazonSCS,2023-12-15,2023-12-31,2024-01-02,,delivered
SHIP000137,PO00153,J.B. Hunt,2023-10-31,2023-11-28,2023-11-28,,delivered
SHIP000138,PO00154,CH Robinson,2023-12-10,2024-01-05,2024-01-05,,delivered
SHIP000139,PO00155,DHL,2023-10-10,2023-10-14,2023-10-14,,delivered
SHIP000140,PO00156,XPO Logistics,2023-10-16,2023-11-13,2023-11-13,,delivered
SHIP000141,PO00158,J.B. Hunt,2023-11-03,2023-12-02,2023-12-02,,delivered
SHIP000142,PO00161,J.B. Hunt,2024-01-10,2024-02-02,2024-02-02,,delivered
SHIP000143,PO00162,CH Robinson,2023-12-05,2023-12-24,2023-12-24,,delivered
SHIP000144,PO00163,J.B. Hunt,2024-02-28,2024-03-04,2024-03-04,,delivered
SHIP000145,PO00164,CH Robinson,2024-03-02,2024-03-25,2024-03-27,,delivered
SHIP000146,PO00165,DHL,2023-10-18,2023-11-04,2023-11-04,,delivered
SHIP000147,PO00166,J.B. Hunt,2023-10-10,2023-10-21,2023-10-21,,delivered
SHIP000148,PO00167,J.B. Hunt,2023-11-30,2023-12-27,2023-12-27,,delivered
SHIP000149,PO00168,FedEx,2024-02-21,2024-03-16,2024-03-16,,delivered
SHIP000150,PO00169,DHL,2024-02-10,2024-02-21,2024-02-21,,delivered
SHIP000151,PO00171,AmazonSCS,2023-12-26,2024-01-23,2024-01-23,,delivered
SHIP000152,PO00172,UPS,2024-02-04,2024-03-23,,,in_transit
SHIP000153,PO00173,J.B. Hunt,2023-10-28,2023-12-04,2023-12-22,,delivered
SHIP000154,PO00174,DHL,2023-12-15,2024-01-11,2024-01-13,,delivered
SHIP000155,PO00175,UPS,2024-03-26,2024-04-11,2024-04-11,,delivered
SHIP000156,PO00176,J.B. Hunt,2023-12-02,2023-12-31,2023-12-31,,delivered
SHIP000157,PO00177,CH Robinson,2023-10-21,2023-11-10,2023-11-10,,delivered
SHIP000158,PO00178,CH Robinson,2023-12-06,2024-01-02,2024-01-02,,delivered
SHIP000159,PO00179,UPS,2023-12-15,2023-12-19,2023-12-19,,delivered
SHIP000160,PO00180,AmazonSCS,2024-03-18,2024-04-03,2024-04-03,,delivered
SHIP000161,PO00181,CH Robinson,2024-02-17,2024-03-19,,customs,delayed
SHIP000162,PO00182,UPS,2023-12-18,2023-12-30,2023-12-30,,delivered
SHIP000163,PO00183,FedEx,2024-02-28,2024-03-04,2024-03-04,,delivered
SHIP000164,PO00184,AmazonSCS,2023-11-05,2023-12-23,,,in_transit
SHIP000165,PO00185,DHL,2024-03-17,2024-03-22,2024-03-22,,delivered
SHIP000166,PO00187,XPO Logistics,2024-02-14,2024-03-22,,,in_transit
SHIP000167,PO00188,XPO Logistics,2023-10-12,2023-10-23,2023-10-23,,delivered
SHIP000168,PO00189,J.B. Hunt,2024-02-08,2024-02-24,,,in_transit
SHIP000169,PO00190,UPS,2023-11-30,2024-01-04,2024-01-19,,delivered
SHIP000170,PO00191,AmazonSCS,2023-10-15,2023-11-01,2023-11-01,,delivered
SHIP000171,PO00192,XPO Logistics,2024-01-12,2024-02-07,,,in_transit
SHIP000172,PO00193,J.B. Hunt,2023-11-04,2023-12-03,2023-12-03,,delivered
SHIP000173,PO00194,UPS,2024-01-08,2024-01-12,2024-01-13,,delivered
SHIP000174,PO00195,FedEx,2024-01-09,2024-02-14,2024-02-25,,delivered
SHIP000175,PO00196,UPS,2023-11-10,2023-11-15,2023-11-15,,delivered
SHIP000176,PO00197,J.B. Hunt,2024-03-28,2024-04-03,2024-04-05,,delivered
SHIP000177,PO00198,DHL,2023-12-21,2024-01-25,2024-02-10,,delivered
SHIP000178,PO00199,FedEx,2024-02-05,2024-03-03,2024-03-03,,delivered
SHIP000179,PO00200,XPO Logistics,2024-01-10,2024-01-27,2024-01-27,,delivered
SHIP000180,PO00201,UPS,2023-10-18,2023-11-03,2023-11-03,,delivered
SHIP000181,PO00202,UPS,2023-12-04,2023-12-09,2023-12-09,,delivered
SHIP000182,PO00203,XPO Logistics,2024-02-10,2024-03-10,2024-03-10,,delivered
SHIP000183,PO00204,XPO Logistics,2023-10-09,2023-11-13,2023-12-02,,delivered
SHIP000184,PO00205,J.B. Hunt,2023-11-04,2023-11-09,2023-11-09,,delivered
SHIP000185,PO00206,XPO Logistics,2023-10-13,2023-10-30,2023-10-30,,delivered
SHIP000186,PO00207,UPS,2023-10-05,2023-11-01,2023-11-01,,delivered
SHIP000187,PO00208,J.B. Hunt,2024-03-27,2024-03-31,2024-03-31,,delivered
SHIP000188,PO00209,AmazonSCS,2024-02-15,2024-03-02,2024-03-02,,delivered
SHIP000189,PO00210,J.B. Hunt,2023-11-10,2023-12-15,2023-12-28,,delivered
SHIP000190,PO00211,J.B. Hunt,2023-12-02,2024-01-07,2024-01-25,,delivered
SHIP000191,PO00212,UPS,2023-11-16,2023-12-02,2023-12-02,,delivered
SHIP000192,PO00213,CH Robinson,2024-03-23,2024-04-10,,carrier_issue,delayed
SHIP000193,PO00214,FedEx,2024-02-08,2024-02-19,2024-02-19,,delivered
SHIP000194,PO00215,UPS,2023-12-28,2024-01-02,2024-01-02,,delivered
SHIP000195,PO00216,AmazonSCS,2024-03-27,2024-04-12,2024-04-12,,delivered
SHIP000196,PO00217,J.B. Hunt,2024-01-26,2024-02-11,,,in_transit
SHIP000197,PO00218,AmazonSCS,2023-12-19,2024-01-15,,customs,delayed
SHIP000198,PO00219,UPS,2024-02-28,2024-04-15,,,in_transit
SHIP000199,PO00220,FedEx,2024-01-16,2024-02-13,2024-02-13,,delivered
SHIP000200,PO00222,UPS,2023-12-20,2023-12-31,2023-12-31,,delivered
SHIP000201,PO00224,DHL,2023-10-27,2023-11-13,2023-11-13,,delivered
SHIP000202,PO00225,J.B. Hunt,2024-01-01,2024-01-05,2024-01-05,,delivered
SHIP000203,PO00226,AmazonSCS,2023-12-02,2023-12-31,2023-12-31,,delivered
SHIP000204,PO00227,FedEx,2024-01-14,2024-02-19,2024-03-06,,delivered
SHIP000205,PO00228,CH Robinson,2023-10-13,2023-11-17,,,in_transit
SHIP000206,PO00229,FedEx,2024-03-07,2024-04-04,2024-04-04,,delivered
SHIP000207,PO00230,UPS,2023-11-10,2023-12-15,,,in_transit
SHIP000208,PO00232,XPO Logistics,2024-03-02,2024-03-07,2024-03-07,,delivered
SHIP000209,PO00233,XPO Logistics,2023-11-24,2023-12-22,,,in_transit
SHIP000210,PO00234,XPO Logistics,2023-11-07,2023-11-11,2023-11-11,,delivered
SHIP000211,PO00235,UPS,2024-03-08,2024-03-29,2024-03-31,,delivered
SHIP000212,PO00236,UPS,2024-03-29,2024-04-15,2024-04-15,,delivered
SHIP000213,PO00237,FedEx,2024-01-20,2024-02-07,,,delayed
SHIP000214,PO00239,UPS,2023-10-11,2023-11-14,2023-12-03,,delivered
SHIP000215,PO00240,FedEx,2024-02-03,2024-02-20,2024-02-20,,delivered
SHIP000216,PO00241,CH Robinson,2023-10-13,2023-10-24,2023-10-24,,delivered
SHIP000217,PO00242,FedEx,2024-03-04,2024-03-20,2024-03-20,,delivered
SHIP000218,PO00243,AmazonSCS,2024-01-11,2024-01-17,2024-01-19,,delivered
SHIP000219,PO00244,J.B. Hunt,2023-12-11,2023-12-28,2023-12-28,,delivered
SHIP000220,PO00245,CH Robinson,2024-03-02,2024-03-07,2024-03-07,,delivered
SHIP000221,PO00246,FedEx,2023-12-20,2023-12-25,2023-12-25,,delivered
SHIP000222,PO00247,UPS,2023-12-28,2024-02-02,2024-02-21,,delivered
SHIP000223,PO00248,CH Robinson,2023-10-27,2023-11-15,,,delayed
SHIP000224,PO00249,XPO Logistics,2023-11-04,2023-12-06,2023-12-07,,delivered
SHIP000225,PO00250,DHL,2023-12-16,2024-01-19,2024-02-03,,delivered
SHIP000226,PO00251,J.B. Hunt,2023-10-17,2023-11-04,2023-11-04,,delivered
SHIP000227,PO00252,UPS,2023-11-23,2023-12-21,2023-12-21,,delivered
SHIP000228,PO00253,AmazonSCS,2024-03-24,2024-04-24,,customs,delayed
SHIP000229,PO00254,XPO Logistics,2023-11-02,2023-12-08,2023-12-24,,delivered
SHIP000230,PO00255,UPS,2023-12-19,2024-01-23,2024-02-08,,delivered
SHIP000231,PO00256,XPO Logistics,2024-02-24,2024-03-24,2024-03-24,,delivered
SHIP000232,PO00258,DHL,2024-01-16,2024-01-20,2024-01-20,,delivered
SHIP000233,PO00259,UPS,2023-11-05,2023-12-06,,carrier_issue,delayed
SHIP000234,PO00260,J.B. Hunt,2024-02-23,2024-03-04,2024-03-04,,delivered
SHIP000235,PO00261,FedEx,2023-10-06,2023-10-17,2023-10-17,,delivered
SHIP000236,PO00262,UPS,2023-11-27,2024-01-01,,,in_transit
SHIP000237,PO00263,UPS,2023-12-02,2023-12-19,2023-12-19,,delivered
SHIP000238,PO00264,AmazonSCS,2023-12-24,2024-01-10,2024-01-10,,delivered
SHIP000239,PO00265,UPS,2023-12-09,2023-12-30,2023-12-31,,delivered
SHIP000240,PO00266,DHL,2024-01-03,2024-02-08,2024-02-18,,delivered
SHIP000241,PO00267,FedEx,2023-10-29,2023-11-15,,,in_transit
SHIP000242,PO00268,UPS,2023-10-17,2023-11-21,,,in_transit
SHIP000243,PO00269,FedEx,2024-02-12,2024-03-03,2024-03-03,,delivered
SHIP000244,PO00270,UPS,2023-10-28,2023-11-25,2023-11-25,,delivered
SHIP000245,PO00271,J.B. Hunt,2023-12-21,2023-12-25,2023-12-25,,delivered
SHIP000246,PO00272,AmazonSCS,2023-12-03,2023-12-07,2023-12-07,,delivered
SHIP000247,PO00274,J.B. Hunt,2023-12-25,2023-12-31,2023-12-31,,delivered
SHIP000248,PO00275,J.B. Hunt,2023-10-10,2023-10-31,2023-11-04,customs,delivered
SHIP000249,PO00276,UPS,2023-10-21,2023-11-08,2023-11-12,,delivered
SHIP000250,PO00278,CH Robinson,2024-03-07,2024-04-12,,,in_transit
SHIP000251,PO00279,UPS,2024-02-13,2024-03-29,2024-04-10,,delivered
SHIP000252,PO00280,XPO Logistics,2024-03-01,2024-04-01,2024-04-01,,delivered
SHIP000253,PO00281,UPS,2023-12-24,2024-02-10,2024-02-19,,delivered
SHIP000254,PO00282,J.B. Hunt,2024-02-20,2024-03-14,2024-03-14,,delivered
SHIP000255,PO00283,XPO Logistics,2023-11-25,2023-12-29,,,in_transit
SHIP000256,PO00284,CH Robinson,2024-03-31,2024-05-07,2024-05-23,,delivered
SHIP000257,PO00285,CH Robinson,2024-01-17,2024-01-21,2024-01-21,,delivered
SHIP000258,PO00286,UPS,2024-01-09,2024-02-05,2024-02-05,,delivered
SHIP000259,PO00287,XPO Logistics,2023-11-07,2023-12-05,2023-12-05,,delivered
SHIP000260,PO00288,CH Robinson,2023-12-30,2024-01-22,2024-01-22,,delivered
SHIP000261,PO00289,AmazonSCS,2024-01-13,2024-02-29,2024-03-13,,delivered
SHIP000262,PO00290,FedEx,2024-01-21,2024-01-25,2024-01-27,,delivered
SHIP000263,PO00292,CH Robinson,2024-02-15,2024-02-26,2024-02-28,,delivered
SHIP000264,PO00293,J.B. Hunt,2023-10-11,2023-10-16,2023-10-18,,delivered
SHIP000265,PO00295,DHL,2023-11-22,2023-12-08,2023-12-09,,delivered
SHIP000266,PO00296,XPO Logistics,2023-10-13,2023-10-19,2023-10-19,,delivered
SHIP000267,PO00297,FedEx,2024-03-11,2024-03-16,2024-03-16,,delivered
SHIP000268,PO00298,AmazonSCS,2023-10-19,2023-10-23,2023-10-25,,delivered
SHIP000269,PO00299,CH Robinson,2024-01-26,2024-02-15,,,in_transit
SHIP000270,PO00300,CH Robinson,2024-03-30,2024-05-01,2024-05-01,,delivered
SHIP000271,PO00301,XPO Logistics,2023-10-16,2023-10-21,2023-10-21,,delivered
SHIP000272,PO00302,DHL,2024-01-15,2024-02-12,,weather,delayed
SHIP000273,PO00303,AmazonSCS,2024-03-01,2024-03-06,2024-03-06,,delivered
SHIP000274,PO00304,XPO Logistics,2024-03-31,2024-05-06,2024-05-15,,delivered
SHIP000275,PO00305,XPO Logistics,2023-11-17,2023-11-22,2023-11-22,,delivered
SHIP000276,PO00306,J.B. Hunt,2023-10-22,2023-11-28,2023-12-16,,delivered
SHIP000277,PO00307,CH Robinson,2024-02-08,2024-02-25,2024-02-26,,delivered
SHIP000278,PO00308,J.B. Hunt,2023-10-07,2023-11-07,2023-11-07,,delivered
SHIP000279,PO00309,J.B. Hunt,2023-10-13,2023-11-18,,,in_transit
SHIP000280,PO00310,FedEx,2024-01-23,2024-02-28,2024-03-11,,delivered
SHIP000281,PO00311,CH Robinson,2023-12-01,2023-12-17,2023-12-21,weather,delivered
SHIP000282,PO00312,AmazonSCS,2024-02-01,2024-03-08,,,in_transit
SHIP000283,PO00313,CH Robinson,2023-11-29,2023-12-04,2023-12-04,,delivered
SHIP000284,PO00314,CH Robinson,2023-10-27,2023-11-07,2023-11-08,,delivered
SHIP000285,PO00315,UPS,2023-11-10,2023-12-09,2023-12-09,,delivered
SHIP000286,PO00316,XPO Logistics,2023-12-14,2024-01-06,2024-01-08,,delivered
SHIP000287,PO00317,UPS,2024-02-12,2024-02-18,2024-02-18,,delivered
SHIP000288,PO00318,FedEx,2023-12-03,2023-12-29,2023-12-29,,delivered
SHIP000289,PO00319,FedEx,2023-12-19,2023-12-24,2023-12-24,,delivered
SHIP000290,PO00320,J.B. Hunt,2024-03-25,2024-04-20,2024-04-20,,delivered
SHIP000291,PO00321,XPO Logistics,2023-11-20,2023-11-30,2023-11-30,,delivered
SHIP000292,PO00323,XPO Logistics,2024-02-18,2024-02-22,2024-02-22,,delivered
SHIP000293,PO00324,DHL,2023-10-06,2023-10-23,2023-10-23,,delivered
SHIP000294,PO00325,UPS,2024-01-21,2024-02-21,2024-02-21,,delivered
SHIP000295,PO00326,UPS,2024-01-04,2024-01-31,2024-01-31,,delivered
SHIP000296,PO00327,CH Robinson,2023-12-13,2024-01-26,2024-02-08,,delivered
SHIP000297,PO00328,J.B. Hunt,2024-02-10,2024-02-27,2024-02-29,,delivered
SHIP000298,PO00329,UPS,2023-11-30,2023-12-31,2023-12-31,,delivered
SHIP000299,PO00330,DHL,2024-01-18,2024-01-23,2024-01-23,,delivered
SHIP000300,PO00331,AmazonSCS,2024-02-19,2024-03-10,2024-03-10,,delivered
SHIP000301,PO00332,J.B. Hunt,2023-11-16,2023-11-21,,,in_transit
SHIP000302,PO00333,CH Robinson,2023-12-25,2023-12-29,2023-12-29,,delivered
SHIP000303,PO00334,FedEx,2024-02-08,2024-02-26,,carrier_issue,delayed
SHIP000304,PO00335,UPS,2024-02-23,2024-02-28,2024-02-28,,delivered
SHIP000305,PO00337,FedEx,2023-12-29,2024-02-12,2024-02-21,,delivered
SHIP000306,PO00338,AmazonSCS,2024-02-08,2024-03-08,2024-03-08,,delivered
SHIP000307,PO00339,J.B. Hunt,2023-12-13,2024-01-17,2024-02-05,,delivered
SHIP000308,PO00340,DHL,2023-11-16,2023-12-21,,,in_transit
SHIP000309,PO00341,DHL,2024-01-10,2024-02-02,2024-02-02,,delivered
SHIP000310,PO00342,XPO Logistics,2023-12-09,2024-01-05,,,in_transit
SHIP000311,PO00343,XPO Logistics,2023-12-28,2024-01-24,2024-01-24,,delivered
SHIP000312,PO00344,UPS,2023-12-06,2023-12-22,2023-12-22,,delivered
SHIP000313,PO00345,XPO Logistics,2024-01-27,2024-03-02,2024-03-14,,delivered
SHIP000314,PO00346,CH Robinson,2023-10-18,2023-10-28,2023-10-28,,delivered
SHIP000315,PO00347,UPS,2024-03-05,2024-03-28,2024-03-28,,delivered
SHIP000316,PO00348,J.B. Hunt,2024-03-18,2024-04-24,,,in_transit
SHIP000317,PO00349,FedEx,2024-02-27,2024-03-16,2024-03-16,,delivered
SHIP000318,PO00350,J.B. Hunt,2023-11-14,2023-11-19,2023-11-19,,delivered
SHIP000319,PO00351,DHL,2024-03-27,2024-04-13,2024-04-13,,delivered
SHIP000320,PO00352,AmazonSCS,2023-10-10,2023-11-11,2023-11-11,,delivered
SHIP000321,PO00353,FedEx,2024-03-12,2024-03-17,,,in_transit
SHIP000322,PO00354,UPS,2024-01-12,2024-02-09,2024-02-11,,delivered
SHIP000323,PO00356,AmazonSCS,2023-10-25,2023-10-29,2023-10-29,,delivered
SHIP000324,PO00357,J.B. Hunt,2023-12-11,2023-12-17,2023-12-17,,delivered
SHIP000325,PO00358,CH Robinson,2024-02-06,2024-03-13,2024-04-01,,delivered
SHIP000326,PO00359,UPS,2024-03-29,2024-04-10,2024-04-10,,delivered
SHIP000327,PO00360,XPO Logistics,2024-01-20,2024-02-24,2024-03-03,,delivered
SHIP000328,PO00361,XPO Logistics,2023-12-19,2023-12-23,2023-12-23,,delivered
SHIP000329,PO00362,J.B. Hunt,2024-03-15,2024-05-01,2024-05-09,,delivered
SHIP000330,PO00363,UPS,2023-10-26,2023-10-31,2023-10-31,,delivered
SHIP000331,PO00364,CH Robinson,2023-10-19,2023-10-23,2023-10-23,,delivered
SHIP000332,PO00365,UPS,2024-03-19,2024-04-24,2024-05-09,,delivered
SHIP000333,PO00366,DHL,2023-10-04,2023-10-15,2023-10-15,,delivered
SHIP000334,PO00367,DHL,2023-11-11,2023-12-09,2023-12-09,,delivered
SHIP000335,PO00368,UPS,2024-02-23,2024-03-22,2024-03-23,,delivered
SHIP000336,PO00369,CH Robinson,2024-02-15,2024-03-03,2024-03-03,,delivered
SHIP000337,PO00370,FedEx,2024-01-12,2024-02-12,2024-02-12,,delivered
SHIP000338,PO00371,AmazonSCS,2023-12-26,2024-01-16,2024-01-18,,delivered
SHIP000339,PO00372,AmazonSCS,2024-03-28,2024-04-02,,,in_transit
SHIP000340,PO00373,FedEx,2023-10-31,2023-11-17,2023-11-17,,delivered
SHIP000341,PO00374,FedEx,2023-10-23,2023-10-28,2023-10-28,,delivered
SHIP000342,PO00375,CH Robinson,2023-11-02,2023-12-07,2023-12-17,,delivered
SHIP000343,PO00376,UPS,2023-11-25,2023-12-24,2023-12-26,,delivered
SHIP000344,PO00377,CH Robinson,2024-01-17,2024-02-13,2024-02-13,,delivered
SHIP000345,PO00378,CH Robinson,2023-12-04,2023-12-10,2023-12-10,,delivered
SHIP000346,PO00379,CH Robinson,2024-02-29,2024-03-21,2024-03-21,,delivered
SHIP000347,PO00380,DHL,2024-02-17,2024-04-05,,,in_transit
SHIP000348,PO00381,UPS,2023-12-07,2023-12-13,2023-12-15,,delivered
SHIP000349,PO00382,FedEx,2023-11-20,2023-12-21,2023-12-21,,delivered
SHIP000350,PO00383,UPS,2023-10-25,2023-10-29,2023-10-29,,delivered
SHIP000351,PO00384,FedEx,2024-01-03,2024-02-07,2024-02-26,,delivered
SHIP000352,PO00386,J.B. Hunt,2024-03-17,2024-04-14,2024-04-14,,delivered
SHIP000353,PO00387,DHL,2023-10-31,2023-12-01,2023-12-01,,delivered
SHIP000354,PO00388,AmazonSCS,2024-01-11,2024-01-15,2024-01-15,,delivered
SHIP000355,PO00389,AmazonSCS,2024-02-22,2024-02-27,2024-02-27,,delivered
SHIP000356,PO00390,DHL,2024-01-09,2024-01-19,2024-01-19,,delivered
SHIP000357,PO00391,FedEx,2023-11-27,2023-12-13,2023-12-14,,delivered
SHIP000358,PO00392,UPS,2023-10-24,2023-11-17,2023-11-17,,delivered
SHIP000359,PO00393,UPS,2024-02-27,2024-03-03,,,in_transit
SHIP000360,PO00394,XPO Logistics,2024-03-19,2024-03-24,2024-03-24,,delivered
SHIP000361,PO00395,XPO Logistics,2023-10-15,2023-11-13,2023-11-13,,delivered
SHIP000362,PO00396,J.B. Hunt,2024-03-05,2024-04-18,2024-05-07,,delivered
SHIP000363,PO00397,XPO Logistics,2024-03-28,2024-04-14,2024-04-14,,delivered
SHIP000364,PO00398,XPO Logistics,2023-12-24,2024-02-10,2024-02-20,,delivered
SHIP000365,PO00399,UPS,2023-12-18,2024-01-11,2024-01-11,,delivered
SHIP000366,PO00400,AmazonSCS,2023-11-23,2023-12-05,2023-12-05,,delivered
SHIP000367,PO00401,XPO Logistics,2024-02-01,2024-02-06,2024-02-06,,delivered
SHIP000368,PO00402,CH Robinson,2024-01-05,2024-02-02,2024-02-02,,delivered
SHIP000369,PO00403,J.B. Hunt,2023-10-15,2023-11-08,2023-11-08,,delivered
SHIP000370,PO00404,CH Robinson,2023-12-04,2024-01-18,2024-01-31,,delivered
SHIP000371,PO00405,UPS,2023-11-10,2023-11-16,2023-11-16,,delivered
SHIP000372,PO00406,J.B. Hunt,2024-01-30,2024-03-07,,,in_transit
SHIP000373,PO00407,AmazonSCS,2023-11-04,2023-12-06,,,in_transit
SHIP000374,PO00408,UPS,2023-12-18,2023-12-23,2023-12-23,,delivered
SHIP000375,PO00409,AmazonSCS,2024-03-13,2024-04-16,2024-05-04,,delivered
SHIP000376,PO00410,XPO Logistics,2024-03-17,2024-04-30,2024-05-10,,delivered
SHIP000377,PO00411,XPO Logistics,2024-02-26,2024-03-24,2024-03-24,,delivered
SHIP000378,PO00412,J.B. Hunt,2024-01-25,2024-01-29,2024-01-29,,delivered
SHIP000379,PO00413,CH Robinson,2023-12-07,2023-12-18,2023-12-18,,delivered
SHIP000380,PO00414,XPO Logistics,2023-12-09,2023-12-15,2023-12-17,,delivered
SHIP000381,PO00415,XPO Logistics,2023-11-23,2023-11-28,2023-11-28,,delivered
SHIP000382,PO00420,UPS,2024-02-22,2024-03-04,2024-03-04,,delivered
SHIP000383,PO00421,J.B. Hunt,2023-11-14,2023-12-11,2023-12-11,,delivered
SHIP000384,PO00422,UPS,2024-02-08,2024-03-07,2024-03-07,,delivered
SHIP000385,PO00423,UPS,2023-10-27,2023-12-14,2023-12-22,,delivered
SHIP000386,PO00424,J.B. Hunt,2024-03-30,2024-04-04,,,in_transit
SHIP000387,PO00425,J.B. Hunt,2024-03-04,2024-03-31,,,delayed
SHIP000388,PO00426,AmazonSCS,2023-10-08,2023-11-05,,carrier_issue,delayed
SHIP000389,PO00427,J.B. Hunt,2024-01-29,2024-02-24,2024-02-24,,delivered
SHIP000390,PO00428,FedEx,2024-02-20,2024-02-24,2024-02-24,,delivered
SHIP000391,PO00429,FedEx,2023-10-20,2023-11-21,2023-11-23,,delivered
SHIP000392,PO00430,AmazonSCS,2024-01-13,2024-02-14,,weather,delayed
SHIP000393,PO00432,FedEx,2024-03-30,2024-04-17,2024-04-17,,delivered
SHIP000394,PO00433,J.B. Hunt,2023-12-15,2024-01-11,2024-01-11,,delivered
SHIP000395,PO00434,FedEx,2023-12-06,2024-01-02,2024-01-02,,delivered
SHIP000396,PO00435,CH Robinson,2024-01-26,2024-02-15,2024-02-15,,delivered
SHIP000397,PO00436,J.B. Hunt,2023-12-07,2023-12-23,2023-12-23,,delivered
SHIP000398,PO00437,AmazonSCS,2023-11-02,2023-11-08,2023-11-08,,delivered
SHIP000399,PO00438,CH Robinson,2024-01-24,2024-02-21,2024-02-21,,delivered
SHIP000400,PO00439,XPO Logistics,2023-10-05,2023-11-02,2023-11-02,,delivered
SHIP000401,PO00440,FedEx,2024-03-15,2024-03-27,2024-03-27,,delivered
SHIP000402,PO00441,AmazonSCS,2024-02-09,2024-03-15,2024-04-01,,delivered
SHIP000403,PO00442,FedEx,2023-10-07,2023-11-12,2023-11-20,,delivered
SHIP000404,PO00443,J.B. Hunt,2024-02-03,2024-02-08,2024-02-08,,delivered
SHIP000405,PO00444,FedEx,2024-02-05,2024-03-11,2024-03-19,,delivered
SHIP000406,PO00445,UPS,2024-01-23,2024-01-27,2024-01-27,,delivered
SHIP000407,PO00446,UPS,2024-02-06,2024-02-27,2024-02-27,,delivered
SHIP000408,PO00447,AmazonSCS,2024-02-25,2024-03-15,2024-03-18,,delivered
SHIP000409,PO00448,FedEx,2023-11-03,2023-12-02,2023-12-02,,delivered
SHIP000410,PO00449,UPS,2023-11-26,2023-12-13,2023-12-13,,delivered
SHIP000411,PO00450,J.B. Hunt,2023-11-26,2023-12-16,2023-12-16,,delivered
SHIP000412,PO00451,CH Robinson,2023-10-12,2023-10-16,2023-10-16,,delivered
SHIP000413,PO00452,AmazonSCS,2024-02-07,2024-02-13,2024-02-13,,delivered
SHIP000414,PO00453,XPO Logistics,2024-01-05,2024-01-28,2024-01-28,,delivered
SHIP000415,PO00454,AmazonSCS,2023-11-23,2023-11-28,2023-11-28,,delivered
SHIP000416,PO00455,FedEx,2023-12-08,2023-12-12,2023-12-12,,delivered
SHIP000417,PO00456,J.B. Hunt,2023-12-25,2024-01-28,2024-02-04,,delivered
SHIP000418,PO00457,J.B. Hunt,2023-11-29,2023-12-30,2023-12-31,,delivered
SHIP000419,PO00458,CH Robinson,2024-02-01,2024-03-19,2024-03-30,,delivered
SHIP000420,PO00459,FedEx,2024-01-12,2024-01-17,2024-01-17,,delivered
SHIP000421,PO00460,DHL,2024-01-06,2024-01-22,2024-01-22,,delivered
SHIP000422,PO00461,FedEx,2024-01-12,2024-01-29,2024-01-29,,delivered
SHIP000423,PO00462,J.B. Hunt,2024-02-26,2024-03-14,,,in_transit
SHIP000424,PO00463,UPS,2024-02-21,2024-02-26,2024-02-26,,delivered
SHIP000425,PO00465,DHL,2024-02-17,2024-02-22,2024-02-22,,delivered
SHIP000426,PO00466,DHL,2024-03-23,2024-04-24,,,delayed
SHIP000427,PO00467,AmazonSCS,2024-01-11,2024-01-16,2024-01-16,,delivered
SHIP000428,PO00468,CH Robinson,2023-11-27,2023-12-20,2023-12-20,,delivered
SHIP000429,PO00469,XPO Logistics,2024-03-17,2024-04-06,2024-04-06,,delivered
SHIP000430,PO00470,J.B. Hunt,2024-03-15,2024-04-04,2024-04-04,,delivered
SHIP000431,PO00471,J.B. Hunt,2023-10-28,2023-11-01,,,in_transit
SHIP000432,PO00472,CH Robinson,2023-12-27,2024-01-27,2024-01-31,,delivered
SHIP000433,PO00473,CH Robinson,2024-03-22,2024-04-22,2024-04-22,,delivered
SHIP000434,PO00474,DHL,2024-03-04,2024-03-23,,carrier_issue,delayed
SHIP000435,PO00475,FedEx,2024-02-06,2024-02-17,2024-02-17,,delivered
SHIP000436,PO00476,J.B. Hunt,2024-01-23,2024-01-27,2024-01-27,,delivered
SHIP000437,PO00477,DHL,2023-11-17,2023-11-23,,,in_transit
SHIP000438,PO00478,CH Robinson,2024-01-10,2024-01-21,2024-01-21,,delivered
SHIP000439,PO00479,CH Robinson,2024-01-16,2024-02-19,,,in_transit
SHIP000440,PO00480,UPS,2023-12-17,2023-12-28,2023-12-28,,delivered
SHIP000441,PO00481,XPO Logistics,2024-01-17,2024-02-18,2024-02-18,,delivered
SHIP000442,PO00482,FedEx,2024-01-15,2024-01-20,2024-01-20,,delivered
SHIP000443,PO00483,CH Robinson,2023-11-25,2023-12-18,2023-12-18,,delivered
SHIP000444,PO00484,CH Robinson,2023-10-30,2023-11-10,2023-11-10,,delivered
SHIP000445,PO00485,XPO Logistics,2024-03-12,2024-03-18,2024-03-18,,delivered
SHIP000446,PO00486,FedEx,2024-02-14,2024-03-14,2024-03-14,,delivered
SHIP000447,PO00487,CH Robinson,2024-02-22,2024-03-09,,,in_transit
SHIP000448,PO00489,J.B. Hunt,2023-10-15,2023-10-19,2023-10-19,,delivered
SHIP000449,PO00491,DHL,2024-02-19,2024-03-19,,,in_transit
SHIP000450,PO00493,FedEx,2024-01-26,2024-03-01,2024-03-08,,delivered
SHIP000451,PO00494,XPO Logistics,2023-12-23,2023-12-27,2023-12-27,,delivered
SHIP000452,PO00495,J.B. Hunt,2024-01-06,2024-02-09,,,in_transit
SHIP000453,PO00496,AmazonSCS,2023-12-28,2024-01-08,2024-01-08,,delivered
SHIP000454,PO00497,J.B. Hunt,2024-03-08,2024-04-11,,,in_transit
SHIP000455,PO00498,XPO Logistics,2024-01-16,2024-01-21,2024-01-22,,delivered
SHIP000456,PO00499,J.B. Hunt,2024-01-19,2024-02-17,2024-02-17,,delivered
SHIP000457,PO00500,XPO Logistics,2024-03-06,2024-03-12,2024-03-12,,delivered
SHIP000458,PO00501,AmazonSCS,2024-02-28,2024-03-23,,customs,in_transit
SHIP000459,PO00502,UPS,2024-01-02,2024-01-26,2024-01-26,,delivered
SHIP000460,PO00503,DHL,2024-01-03,2024-01-13,2024-01-13,,delivered
SHIP000461,PO00504,UPS,2024-01-27,2024-02-01,2024-02-01,,delivered
SHIP000462,PO00505,AmazonSCS,2024-02-26,2024-04-10,,,in_transit
SHIP000463,PO00506,DHL,2023-12-10,2023-12-22,2023-12-22,,delivered
SHIP000464,PO00507,CH Robinson,2024-01-20,2024-02-16,2024-02-16,,delivered
SHIP000465,PO00508,FedEx,2023-10-26,2023-11-16,2023-11-16,,delivered
SHIP000466,PO00510,XPO Logistics,2023-12-10,2023-12-31,,,in_transit
SHIP000467,PO00511,CH Robinson,2024-01-23,2024-03-10,,,in_transit
SHIP000468,PO00512,XPO Logistics,2023-10-27,2023-12-01,,,in_transit
SHIP000469,PO00514,DHL,2023-11-30,2023-12-28,2023-12-28,,delivered
SHIP000470,PO00515,DHL,2024-03-17,2024-04-05,2024-04-05,,delivered
SHIP000471,PO00516,J.B. Hunt,2023-12-19,2023-12-23,2023-12-23,,delivered
SHIP000472,PO00517,XPO Logistics,2023-11-22,2023-11-28,2023-11-28,,delivered
SHIP000473,PO00518,J.B. Hunt,2024-02-06,2024-03-04,2024-03-04,,delivered
SHIP000474,PO00519,J.B. Hunt,2023-11-26,2023-12-02,2023-12-03,,delivered
SHIP000475,PO00520,UPS,2023-11-04,2023-11-21,2023-11-21,,delivered
SHIP000476,PO00521,DHL,2023-10-20,2023-11-06,2023-11-06,,delivered
SHIP000477,PO00522,AmazonSCS,2024-01-13,2024-02-11,2024-02-11,,delivered
SHIP000478,PO00523,XPO Logistics,2024-01-16,2024-01-27,2024-01-27,,delivered
SHIP000479,PO00524,UPS,2024-02-03,2024-02-19,2024-02-23,customs,delivered
SHIP000480,PO00526,XPO Logistics,2023-12-06,2024-01-11,,,in_transit
SHIP000481,PO00527,DHL,2023-12-07,2023-12-12,2023-12-12,,delivered
SHIP000482,PO00528,FedEx,2024-01-24,2024-02-28,,,in_transit
SHIP000483,PO00530,UPS,2023-12-02,2023-12-07,2023-12-07,,delivered
SHIP000484,PO00531,AmazonSCS,2023-10-30,2023-11-27,2023-11-27,,delivered
SHIP000485,PO00532,AmazonSCS,2023-12-23,2024-01-28,,,in_transit
SHIP000486,PO00533,CH Robinson,2024-03-24,2024-04-03,,,in_transit
SHIP000487,PO00534,UPS,2023-12-15,2024-01-10,2024-01-10,,delivered
SHIP000488,PO00535,AmazonSCS,2023-12-25,2024-01-22,2024-01-22,,delivered
SHIP000489,PO00536,CH Robinson,2023-10-15,2023-12-02,2023-12-19,,delivered
SHIP000490,PO00537,DHL,2024-02-14,2024-03-17,2024-03-17,,delivered
SHIP000491,PO00538,AmazonSCS,2023-12-02,2023-12-06,2023-12-06,,delivered
SHIP000492,PO00539,CH Robinson,2024-02-03,2024-02-08,,,in_transit
SHIP000493,PO00540,DHL,2024-02-16,2024-02-20,2024-02-20,,delivered
SHIP000494,PO00541,J.B. Hunt,2024-02-29,2024-03-04,2024-03-04,,delivered
SHIP000495,PO00542,XPO Logistics,2023-12-05,2024-01-02,2024-01-02,,delivered
SHIP000496,PO00543,XPO Logistics,2023-12-04,2024-01-18,2024-01-28,,delivered
SHIP000497,PO00544,XPO Logistics,2024-03-29,2024-04-09,2024-04-09,,delivered
SHIP000498,PO00545,FedEx,2024-02-05,2024-03-03,2024-03-03,,delivered
SHIP000499,PO00546,XPO Logistics,2024-03-09,2024-03-14,2024-03-14,,delivered
SHIP000500,PO00547,DHL,2024-01-23,2024-02-18,2024-02-18,,delivered
SHIP000501,PO00548,AmazonSCS,2023-10-30,2023-12-01,,,delayed
SHIP000502,PO00549,XPO Logistics,2024-01-11,2024-02-08,,,in_transit
SHIP000503,PO00551,AmazonSCS,2023-11-20,2023-11-25,2023-11-25,,delivered
SHIP000504,PO00552,XPO Logistics,2023-10-31,2023-11-29,2023-11-29,,delivered
SHIP000505,PO00553,FedEx,2024-02-09,2024-03-15,,,in_transit
SHIP000506,PO00555,CH Robinson,2024-01-25,2024-02-18,2024-02-18,,delivered
SHIP000507,PO00556,CH Robinson,2024-03-08,2024-04-05,2024-04-05,,delivered
SHIP000508,PO00557,UPS,2024-01-03,2024-01-30,2024-01-30,,delivered
SHIP000509,PO00558,XPO Logistics,2024-03-20,2024-03-30,2024-04-01,,delivered
SHIP000510,PO00559,UPS,2024-01-22,2024-02-07,2024-02-08,,delivered
SHIP000511,PO00560,XPO Logistics,2023-12-05,2023-12-22,2023-12-24,,delivered
SHIP000512,PO00561,CH Robinson,2023-12-25,2023-12-30,2023-12-30,,delivered
SHIP000513,PO00562,UPS,2024-03-26,2024-03-30,2024-03-30,,delivered
SHIP000514,PO00563,CH Robinson,2024-02-15,2024-03-09,2024-03-09,,delivered
SHIP000515,PO00564,XPO Logistics,2023-11-10,2023-12-27,,,in_transit
SHIP000516,PO00565,FedEx,2023-12-01,2023-12-29,2023-12-29,,delivered
SHIP000517,PO00566,CH Robinson,2024-01-19,2024-02-22,2024-03-01,,delivered
SHIP000518,PO00567,FedEx,2023-10-07,2023-10-12,2023-10-14,,delivered
SHIP000519,PO00568,DHL,2023-11-28,2023-12-14,2023-12-14,,delivered
SHIP000520,PO00570,DHL,2024-01-20,2024-02-18,2024-02-18,,delivered
SHIP000521,PO00571,CH Robinson,2024-02-20,2024-04-08,2024-04-23,,delivered
SHIP000522,PO00572,UPS,2023-11-25,2023-12-23,2023-12-23,,delivered
SHIP000523,PO00573,UPS,2024-02-14,2024-02-19,2024-02-19,,delivered
SHIP000524,PO00575,J.B. Hunt,2024-01-21,2024-02-21,2024-02-21,,delivered
SHIP000525,PO00576,DHL,2023-12-19,2024-01-04,2024-01-04,,delivered
SHIP000526,PO00577,UPS,2023-12-30,2024-01-15,2024-01-15,,delivered
SHIP000527,PO00578,CH Robinson,2024-02-26,2024-03-02,2024-03-02,,delivered
SHIP000528,PO00579,AmazonSCS,2024-03-02,2024-03-19,2024-03-19,,delivered
SHIP000529,PO00580,J.B. Hunt,2024-02-03,2024-02-19,2024-02-19,,delivered
SHIP000530,PO00581,DHL,2024-03-18,2024-03-23,2024-03-23,,delivered
SHIP000531,PO00582,AmazonSCS,2024-01-19,2024-01-24,2024-01-24,,delivered
SHIP000532,PO00583,UPS,2024-03-19,2024-04-25,2024-05-03,,delivered
SHIP000533,PO00584,DHL,2024-02-21,2024-03-28,2024-04-16,,delivered
SHIP000534,PO00585,XPO Logistics,2023-12-06,2024-01-03,2024-01-03,,delivered
SHIP000535,PO00586,FedEx,2023-10-16,2023-11-09,,,in_transit
SHIP000536,PO00588,J.B. Hunt,2023-10-29,2023-11-21,,,in_transit
SHIP000537,PO00589,UPS,2023-10-30,2023-11-03,2023-11-03,,delivered
SHIP000538,PO00590,UPS,2023-12-07,2023-12-13,2023-12-13,,delivered
SHIP000539,PO00591,FedEx,2024-03-09,2024-04-04,,,in_transit
SHIP000540,PO00592,AmazonSCS,2024-02-11,2024-02-16,2024-02-16,,delivered
SHIP000541,PO00593,J.B. Hunt,2024-02-09,2024-02-26,2024-02-26,,delivered
SHIP000542,PO00594,UPS,2024-01-15,2024-02-16,2024-02-16,,delivered
SHIP000543,PO00596,DHL,2024-02-03,2024-02-14,2024-02-14,,delivered
SHIP000544,PO00597,DHL,2023-12-04,2024-01-01,,,delayed
SHIP000545,PO00598,XPO Logistics,2024-01-03,2024-01-07,2024-01-07,,delivered
SHIP000546,PO00599,DHL,2024-03-10,2024-03-22,2024-03-22,,delivered
SHIP000547,PO00600,DHL,2024-02-17,2024-03-16,2024-03-16,,delivered
SHIP000548,PO00601,FedEx,2024-01-10,2024-01-21,2024-01-21,,delivered
SHIP000549,PO00602,AmazonSCS,2024-02-25,2024-03-28,,,delayed
SHIP000550,PO00603,XPO Logistics,2023-11-08,2023-12-07,2023-12-07,,delivered
SHIP000551,PO00604,J.B. Hunt,2023-10-20,2023-10-24,2023-10-24,,delivered
SHIP000552,PO00605,AmazonSCS,2024-02-19,2024-03-25,2024-04-01,,delivered
SHIP000553,PO00606,J.B. Hunt,2024-02-20,2024-03-27,2024-04-03,,delivered
SHIP000554,PO00607,AmazonSCS,2024-03-17,2024-04-18,,,delayed
SHIP000555,PO00608,FedEx,2024-01-21,2024-02-19,2024-02-19,,delivered
SHIP000556,PO00609,FedEx,2024-02-12,2024-03-02,2024-03-03,,delivered
SHIP000557,PO00610,UPS,2024-03-12,2024-03-23,2024-03-23,,delivered
SHIP000558,PO00611,J.B. Hunt,2024-01-08,2024-02-08,,,delayed
SHIP000559,PO00612,XPO Logistics,2024-03-29,2024-04-04,2024-04-04,,delivered
SHIP000560,PO00613,DHL,2024-03-09,2024-03-14,2024-03-14,,delivered
SHIP000561,PO00614,AmazonSCS,2024-02-05,2024-02-10,2024-02-10,,delivered
SHIP000562,PO00615,DHL,2024-01-20,2024-02-06,2024-02-06,,delivered
SHIP000563,PO00616,DHL,2023-11-07,2023-11-12,2023-11-12,,delivered
SHIP000564,PO00617,XPO Logistics,2023-11-08,2023-12-05,2023-12-05,,delivered
SHIP000565,PO00618,XPO Logistics,2024-01-12,2024-02-04,2024-02-04,,delivered
SHIP000566,PO00619,J.B. Hunt,2023-12-28,2024-02-02,2024-02-12,,delivered
SHIP000567,PO00620,CH Robinson,2023-12-16,2024-01-12,2024-01-12,,delivered
SHIP000568,PO00621,J.B. Hunt,2024-02-19,2024-02-25,2024-02-25,,delivered
SHIP000569,PO00622,FedEx,2024-02-29,2024-04-14,,,in_transit
SHIP000570,PO00623,J.B. Hunt,2024-03-18,2024-04-10,2024-04-10,,delivered
SHIP000571,PO00624,J.B. Hunt,2023-11-28,2023-12-15,,,in_transit
SHIP000572,PO00625,UPS,2023-12-29,2024-01-30,2024-01-30,,delivered
SHIP000573,PO00626,FedEx,2023-12-26,2024-01-11,2024-01-11,,delivered
SHIP000574,PO00628,AmazonSCS,2024-02-29,2024-03-20,2024-03-20,,delivered
SHIP000575,PO00630,J.B. Hunt,2024-01-01,2024-02-07,2024-02-18,,delivered
SHIP000576,PO00631,DHL,2023-12-09,2024-01-01,2024-01-01,,delivered
SHIP000577,PO00632,J.B. Hunt,2024-03-02,2024-03-29,2024-03-30,,delivered
SHIP000578,PO00633,DHL,2024-02-25,2024-03-06,2024-03-06,,delivered
SHIP000579,PO00634,CH Robinson,2024-03-27,2024-04-13,2024-04-13,,delivered
SHIP000580,PO00635,UPS,2024-03-31,2024-04-11,2024-04-11,,delivered
SHIP000581,PO00636,XPO Logistics,2024-01-07,2024-02-04,2024-02-04,,delivered
SHIP000582,PO00637,DHL,2023-10-16,2023-11-13,,,in_transit
SHIP000583,PO00638,CH Robinson,2023-10-14,2023-11-10,2023-11-10,,delivered
SHIP000584,PO00639,J.B. Hunt,2024-01-13,2024-01-24,2024-01-24,,delivered
SHIP000585,PO00640,J.B. Hunt,2024-02-07,2024-03-14,2024-03-28,,delivered
SHIP000586,PO00641,AmazonSCS,2024-02-19,2024-02-25,2024-02-25,,delivered
SHIP000587,PO00642,CH Robinson,2023-11-01,2023-11-17,2023-11-18,,delivered
SHIP000588,PO00644,XPO Logistics,2023-10-25,2023-10-31,2023-10-31,,delivered
SHIP000589,PO00645,UPS,2023-10-14,2023-11-27,2023-12-06,,delivered
SHIP000590,PO00646,FedEx,2023-12-03,2024-01-03,2024-01-03,,delivered
SHIP000591,PO00647,CH Robinson,2024-01-17,2024-02-03,2024-02-03,,delivered
SHIP000592,PO00648,FedEx,2024-03-19,2024-04-15,2024-04-16,,delivered
SHIP000593,PO00650,DHL,2023-12-20,2024-01-17,2024-01-17,,delivered
SHIP000594,PO00651,J.B. Hunt,2023-11-20,2023-12-19,2023-12-19,,delivered
SHIP000595,PO00653,DHL,2023-12-20,2024-02-02,,,in_transit
SHIP000596,PO00654,AmazonSCS,2023-11-12,2023-12-16,,,in_transit
SHIP000597,PO00658,UPS,2023-12-02,2024-01-02,2024-01-02,,delivered
SHIP000598,PO00659,AmazonSCS,2023-11-04,2023-12-02,2023-12-02,,delivered
SHIP000599,PO00660,FedEx,2024-01-25,2024-01-30,2024-01-30,,delivered
SHIP000600,PO00661,XPO Logistics,2024-02-09,2024-03-15,2024-03-31,,delivered
SHIP000601,PO00662,J.B. Hunt,2024-01-21,2024-02-17,,weather,delayed
SHIP000602,PO00663,AmazonSCS,2023-10-17,2023-11-02,2023-11-02,,delivered
SHIP000603,PO00665,CH Robinson,2024-01-05,2024-01-23,2024-01-23,,delivered
SHIP000604,PO00666,CH Robinson,2023-12-24,2024-01-20,2024-01-20,,delivered
SHIP000605,PO00667,AmazonSCS,2023-11-26,2023-12-12,2023-12-12,,delivered
SHIP000606,PO00668,J.B. Hunt,2024-01-22,2024-02-03,2024-02-03,,delivered
SHIP000607,PO00669,AmazonSCS,2023-10-18,2023-10-30,2023-10-30,,delivered
SHIP000608,PO00670,CH Robinson,2024-03-07,2024-04-03,,customs,delayed
SHIP000609,PO00671,DHL,2024-02-20,2024-03-07,2024-03-07,,delivered
SHIP000610,PO00672,XPO Logistics,2024-03-20,2024-04-17,2024-04-18,,delivered
SHIP000611,PO00673,CH Robinson,2023-11-26,2023-12-01,2023-12-01,,delivered
SHIP000612,PO00674,AmazonSCS,2023-12-06,2024-01-03,2024-01-03,,delivered
SHIP000613,PO00675,DHL,2023-11-01,2023-12-02,,customs,delayed
SHIP000614,PO00677,J.B. Hunt,2023-11-04,2023-11-15,2023-11-15,,delivered
SHIP000615,PO00678,DHL,2024-01-15,2024-02-21,2024-03-06,,delivered
SHIP000616,PO00679,CH Robinson,2024-01-26,2024-03-13,2024-03-28,,delivered
SHIP000617,PO00680,J.B. Hunt,2023-12-18,2024-01-04,2024-01-04,,delivered
SHIP000618,PO00682,J.B. Hunt,2023-10-14,2023-10-24,2023-10-24,,delivered
SHIP000619,PO00683,J.B. Hunt,2023-10-18,2023-11-15,,,in_transit
SHIP000620,PO00684,AmazonSCS,2024-03-27,2024-04-27,,,in_transit
SHIP000621,PO00685,J.B. Hunt,2024-02-12,2024-02-23,2024-02-23,,delivered
SHIP000622,PO00686,UPS,2024-03-10,2024-04-07,2024-04-07,,delivered
SHIP000623,PO00687,CH Robinson,2024-01-28,2024-02-07,2024-02-07,,delivered
SHIP000624,PO00688,CH Robinson,2023-11-18,2023-11-29,2023-11-29,,delivered
SHIP000625,PO00689,DHL,2024-01-19,2024-02-19,,,delayed
SHIP000626,PO00690,XPO Logistics,2023-10-22,2023-11-25,,,in_transit
SHIP000627,PO00692,J.B. Hunt,2023-12-03,2023-12-31,,,delayed
SHIP000628,PO00693,CH Robinson,2023-11-28,2023-12-04,2023-12-04,,delivered
SHIP000629,PO00694,FedEx,2024-01-16,2024-02-20,,,in_transit
SHIP000630,PO00695,J.B. Hunt,2024-03-19,2024-04-19,2024-04-19,,delivered
SHIP000631,PO00696,J.B. Hunt,2024-02-03,2024-02-07,2024-02-07,,delivered
SHIP000632,PO00697,DHL,2024-03-13,2024-03-19,2024-03-19,,delivered
SHIP000633,PO00698,XPO Logistics,2024-01-13,2024-01-17,2024-01-17,,delivered
SHIP000634,PO00699,DHL,2024-03-01,2024-03-05,2024-03-05,,delivered
SHIP000635,PO00700,J.B. Hunt,2024-03-27,2024-04-23,2024-04-23,,delivered
SHIP000636,PO00701,DHL,2023-12-20,2024-01-21,,carrier_issue,delayed
SHIP000637,PO00702,DHL,2023-12-14,2024-01-04,2024-01-04,,delivered
SHIP000638,PO00703,J.B. Hunt,2024-03-14,2024-04-12,2024-04-13,,delivered
SHIP000639,PO00704,CH Robinson,2023-10-30,2023-11-27,2023-11-27,,delivered
SHIP000640,PO00705,AmazonSCS,2024-02-13,2024-03-01,2024-03-03,,delivered
SHIP000641,PO00706,DHL,2024-02-24,2024-03-26,,,in_transit
SHIP000642,PO00707,DHL,2023-12-23,2024-01-24,2024-01-24,,delivered
SHIP000643,PO00708,UPS,2024-01-15,2024-02-12,2024-02-12,,delivered
SHIP000644,PO00709,FedEx,2024-01-10,2024-01-28,2024-01-28,,delivered
SHIP000645,PO00710,DHL,2024-01-23,2024-02-13,2024-02-13,,delivered
SHIP000646,PO00711,CH Robinson,2024-01-02,2024-02-05,,,in_transit
SHIP000647,PO00712,CH Robinson,2024-02-16,2024-03-24,,,in_transit
SHIP000648,PO00713,FedEx,2023-11-17,2023-11-29,,,in_transit
SHIP000649,PO00714,AmazonSCS,2024-02-06,2024-03-03,2024-03-03,,delivered
SHIP000650,PO00715,DHL,2024-01-28,2024-02-15,2024-02-15,,delivered
SHIP000651,PO00716,DHL,2024-01-06,2024-01-11,2024-01-11,,delivered
SHIP000652,PO00717,UPS,2024-03-03,2024-04-06,2024-04-20,,delivered
SHIP000653,PO00718,XPO Logistics,2023-10-09,2023-10-21,2023-10-21,,delivered
SHIP000654,PO00719,UPS,2024-02-25,2024-03-01,2024-03-01,,delivered
SHIP000655,PO00720,FedEx,2024-03-12,2024-04-07,2024-04-07,,delivered
SHIP000656,PO00721,UPS,2023-10-07,2023-10-12,2023-10-12,,delivered
SHIP000657,PO00722,AmazonSCS,2023-12-15,2024-01-02,2024-01-02,,delivered
SHIP000658,PO00723,CH Robinson,2023-11-03,2023-11-19,2023-11-19,,delivered
SHIP000659,PO00724,UPS,2023-12-17,2024-01-02,2024-01-04,,delivered
SHIP000660,PO00725,XPO Logistics,2023-11-21,2023-12-27,2024-01-07,,delivered
SHIP000661,PO00726,J.B. Hunt,2024-03-24,2024-04-22,2024-04-22,,delivered
SHIP000662,PO00727,CH Robinson,2023-11-15,2023-12-16,2023-12-17,,delivered
SHIP000663,PO00728,FedEx,2024-01-01,2024-01-30,2024-01-30,,delivered
SHIP000664,PO00729,UPS,2023-11-14,2023-12-01,2023-12-01,,delivered
SHIP000665,PO00730,AmazonSCS,2023-12-02,2024-01-06,2024-01-20,,delivered
SHIP000666,PO00731,J.B. Hunt,2024-01-30,2024-02-18,2024-02-18,,delivered
SHIP000667,PO00732,J.B. Hunt,2023-12-06,2023-12-10,2023-12-10,,delivered
SHIP000668,PO00733,AmazonSCS,2023-10-31,2023-11-28,2023-11-28,,delivered
SHIP000669,PO00734,XPO Logistics,2023-10-18,2023-10-23,2023-10-23,,delivered
SHIP000670,PO00735,J.B. Hunt,2024-03-27,2024-05-02,2024-05-18,,delivered
SHIP000671,PO00736,CH Robinson,2023-10-30,2023-11-28,2023-11-28,,delivered
SHIP000672,PO00737,FedEx,2024-03-02,2024-04-05,2024-04-15,,delivered
SHIP000673,PO00738,J.B. Hunt,2023-11-06,2023-11-11,2023-11-11,,delivered
SHIP000674,PO00739,XPO Logistics,2024-03-31,2024-04-05,2024-04-05,,delivered
SHIP000675,PO00740,CH Robinson,2024-02-28,2024-03-16,2024-03-16,,delivered
SHIP000676,PO00741,CH Robinson,2024-02-06,2024-02-17,2024-02-19,,delivered
SHIP000677,PO00742,J.B. Hunt,2023-11-15,2023-12-20,2023-12-30,,delivered
SHIP000678,PO00743,AmazonSCS,2024-03-10,2024-04-06,2024-04-06,,delivered
SHIP000679,PO00744,AmazonSCS,2023-11-05,2023-12-01,2023-12-01,,delivered
SHIP000680,PO00745,UPS,2024-01-08,2024-01-13,2024-01-13,,delivered
SHIP000681,PO00746,DHL,2024-02-10,2024-02-14,2024-02-14,,delivered
SHIP000682,PO00747,AmazonSCS,2024-02-20,2024-03-08,,,in_transit
SHIP000683,PO00748,DHL,2024-01-18,2024-03-05,,,in_transit
SHIP000684,PO00749,FedEx,2024-03-05,2024-04-06,2024-04-06,,delivered
SHIP000685,PO00750,CH Robinson,2023-10-31,2023-12-01,2023-12-01,,delivered
SHIP000686,PO00751,AmazonSCS,2023-12-26,2023-12-31,2023-12-31,,delivered
SHIP000687,PO00752,DHL,2023-12-20,2024-01-05,2024-01-07,,delivered
SHIP000688,PO00754,CH Robinson,2023-10-15,2023-11-13,2023-11-15,,delivered
SHIP000689,PO00755,XPO Logistics,2024-03-28,2024-04-25,2024-04-25,,delivered
SHIP000690,PO00756,UPS,2024-03-07,2024-04-10,,,in_transit
SHIP000691,PO00757,CH Robinson,2023-10-19,2023-11-23,2023-12-12,,delivered
SHIP000692,PO00758,FedEx,2024-02-29,2024-03-19,2024-03-19,,delivered
SHIP000693,PO00759,FedEx,2024-02-08,2024-02-29,2024-02-29,,delivered
SHIP000694,PO00761,AmazonSCS,2024-01-08,2024-01-13,2024-01-13,,delivered
SHIP000695,PO00762,UPS,2024-01-20,2024-02-26,2024-03-07,,delivered
SHIP000696,PO00763,AmazonSCS,2024-02-21,2024-03-20,2024-03-20,,delivered
SHIP000697,PO00765,XPO Logistics,2023-11-17,2023-11-21,2023-11-21,,delivered
SHIP000698,PO00766,J.B. Hunt,2023-12-22,2024-01-18,2024-01-18,,delivered
SHIP000699,PO00768,J.B. Hunt,2023-11-02,2023-12-08,2023-12-16,,delivered
SHIP000700,PO00769,CH Robinson,2023-12-31,2024-01-05,2024-01-05,,delivered
SHIP000701,PO00770,FedEx,2023-11-27,2023-12-01,2023-12-01,,delivered
SHIP000702,PO00771,J.B. Hunt,2023-11-19,2023-12-25,2024-01-01,,delivered
SHIP000703,PO00772,AmazonSCS,2024-03-09,2024-04-01,2024-04-01,,delivered
SHIP000704,PO00773,AmazonSCS,2024-03-14,2024-05-01,2024-05-11,,delivered
SHIP000705,PO00774,AmazonSCS,2023-10-07,2023-10-19,2023-10-19,,delivered
SHIP000706,PO00775,FedEx,2023-12-28,2024-01-02,2024-01-02,,delivered
SHIP000707,PO00776,FedEx,2023-11-14,2023-12-11,2023-12-11,,delivered
SHIP000708,PO00777,CH Robinson,2024-02-17,2024-02-22,2024-02-22,,delivered
SHIP000709,PO00778,J.B. Hunt,2023-10-15,2023-11-15,2023-11-16,,delivered
SHIP000710,PO00779,J.B. Hunt,2024-03-25,2024-04-21,2024-04-21,,delivered
SHIP000711,PO00780,FedEx,2023-12-14,2024-01-20,,,in_transit
SHIP000712,PO00781,XPO Logistics,2024-01-15,2024-02-02,2024-02-02,,delivered
SHIP000713,PO00782,CH Robinson,2024-03-22,2024-04-12,2024-04-12,,delivered
SHIP000714,PO00783,J.B. Hunt,2023-10-17,2023-11-13,2023-11-13,,delivered
SHIP000715,PO00784,CH Robinson,2023-12-18,2023-12-22,2023-12-22,,delivered
SHIP000716,PO00785,XPO Logistics,2024-03-24,2024-03-29,2024-03-29,,delivered
SHIP000717,PO00786,DHL,2023-11-02,2023-11-30,2023-12-02,,delivered
SHIP000718,PO00787,AmazonSCS,2024-03-10,2024-04-02,2024-04-02,,delivered
SHIP000719,PO00788,FedEx,2024-01-17,2024-02-13,2024-02-13,,delivered
SHIP000720,PO00790,J.B. Hunt,2024-02-18,2024-03-01,2024-03-01,,delivered
SHIP000721,PO00791,FedEx,2024-03-13,2024-04-30,,,in_transit
SHIP000722,PO00792,UPS,2023-10-08,2023-10-12,2023-10-12,,delivered
SHIP000723,PO00793,XPO Logistics,2024-03-03,2024-04-09,2024-04-26,,delivered
SHIP000724,PO00794,AmazonSCS,2024-02-26,2024-03-18,2024-03-18,,delivered
SHIP000725,PO00795,DHL,2023-10-21,2023-11-24,2023-12-07,,delivered
SHIP000726,PO00796,J.B. Hunt,2023-11-03,2023-11-14,2023-11-14,,delivered
SHIP000727,PO00797,AmazonSCS,2024-01-01,2024-02-05,,,in_transit
SHIP000728,PO00798,UPS,2024-02-15,2024-02-20,2024-02-20,,delivered
SHIP000729,PO00799,UPS,2024-01-07,2024-02-20,,,in_transit
SHIP000730,PO00800,CH Robinson,2023-10-16,2023-12-02,2023-12-17,,delivered
